id,farmer_id,group_id,items,grand_total,status,payments,request_date,season_year,deleted,created_at,updated_at
"82cdb084-cb64-423d-aada-abf2e958423d","1e9744d4-870b-45a4-a08b-c9e4e90bd888","c88f0649-fb51-4ca0-be76-f32440f8d044","[{""productId"":""a803bf5b-2a24-4c9c-84de-39576d09c91a"",""productName"":""AcetaStar -Adama (1Lt) - PCs"",""quantity"":1,""dynamicPrice"":0,""total"":0},{""productId"":""385f16c1-3c11-44d6-8ce1-666165b9d3f9"",""productName"":""Agyenkwa Liquid Fertilizer  (5Lt) - Box(4)"",""quantity"":1,""dynamicPrice"":0,""total"":0},{""productId"":""9e329163-d239-4859-b714-110d537f3f52"",""productName"":""PLANTFEED - BOX(4)"",""quantity"":1,""dynamicPrice"":0,""total"":0},{""productId"":""f0bd429e-2608-4a98-b4d3-6c8e1b22ceb9"",""productName"":""OVERALL - PC"",""quantity"":10744,""dynamicPrice"":0,""total"":0}]","0","Pending","[]","2026-02-22T17:38:29.693Z","2026","false","2026-02-22T17:38:29.693Z","2026-02-22T17:38:29.693Z"
"7d137e2d-e3e0-4d82-9f09-19a1514ad1f9","1e9744d4-870b-45a4-a08b-c9e4e90bd888","c88f0649-fb51-4ca0-be76-f32440f8d044","[{""productId"":""9e329163-d239-4859-b714-110d537f3f52"",""productName"":""PLANTFEED - BOX(4)"",""quantity"":1,""dynamicPrice"":0,""total"":0},{""productId"":""38f3e540-da4d-4736-a2d1-dbe4b5d12197"",""productName"":""All Wedicides (Glyphosate) - PCS"",""quantity"":1,""dynamicPrice"":0,""total"":0},{""productId"":""f0bd429e-2608-4a98-b4d3-6c8e1b22ceb9"",""productName"":""OVERALL - PC"",""quantity"":7700,""dynamicPrice"":0,""total"":0}]","0","Pending","[]","2026-02-22T17:38:29.693Z","2026","false","2026-02-22T17:38:29.693Z","2026-02-22T17:38:29.693Z"
"88fc0155-686d-4ec1-8e30-376dc9728e17","1e9744d4-870b-45a4-a08b-c9e4e90bd888","c88f0649-fb51-4ca0-be76-f32440f8d044","[{""productId"":""a803bf5b-2a24-4c9c-84de-39576d09c91a"",""productName"":""AcetaStar -Adama (1Lt) - PCs"",""quantity"":1,""dynamicPrice"":0,""total"":0},{""productId"":""9e329163-d239-4859-b714-110d537f3f52"",""productName"":""PLANTFEED - BOX(4)"",""quantity"":1,""dynamicPrice"":0,""total"":0},{""productId"":""38f3e540-da4d-4736-a2d1-dbe4b5d12197"",""productName"":""All Wedicides (Glyphosate) - PCS"",""quantity"":1,""dynamicPrice"":0,""total"":0},{""productId"":""f0bd429e-2608-4a98-b4d3-6c8e1b22ceb9"",""productName"":""OVERALL - PC"",""quantity"":10148,""dynamicPrice"":0,""total"":0}]","0","Pending","[]","2026-02-22T17:38:29.693Z","2026","false","2026-02-22T17:38:29.693Z","2026-02-22T17:38:29.693Z"
"bfcd52b8-f400-4a5e-8edb-e5fee5664b78","1e9744d4-870b-45a4-a08b-c9e4e90bd888","c88f0649-fb51-4ca0-be76-f32440f8d044","[{""productId"":""a803bf5b-2a24-4c9c-84de-39576d09c91a"",""productName"":""AcetaStar -Adama (1Lt) - PCs"",""quantity"":1,""dynamicPrice"":0,""total"":0},{""productId"":""38f3e540-da4d-4736-a2d1-dbe4b5d12197"",""productName"":""All Wedicides (Glyphosate) - PCS"",""quantity"":1,""dynamicPrice"":0,""total"":0},{""productId"":""f0bd429e-2608-4a98-b4d3-6c8e1b22ceb9"",""productName"":""OVERALL - PC"",""quantity"":3348,""dynamicPrice"":0,""total"":0}]","0","Pending","[]","2026-02-22T17:38:29.693Z","2026","false","2026-02-22T17:38:29.693Z","2026-02-22T17:38:29.693Z"
"803afed3-f73b-4f41-8b5a-5932e87b1abc","1e9744d4-870b-45a4-a08b-c9e4e90bd888","c88f0649-fb51-4ca0-be76-f32440f8d044","[{""productId"":""8ba123ee-8e9c-4656-8b61-117a6cf879b5"",""productName"":""ALL GRAMO - PCS"",""quantity"":1,""dynamicPrice"":0,""total"":0},{""productId"":""f0bd429e-2608-4a98-b4d3-6c8e1b22ceb9"",""productName"":""OVERALL - PC"",""quantity"":816,""dynamicPrice"":0,""total"":0}]","0","Pending","[]","2026-02-22T17:38:29.693Z","2026","false","2026-02-22T17:38:29.693Z","2026-02-22T17:38:29.693Z"
"abf5d265-91a5-478d-9505-daaf386a2087","1e9744d4-870b-45a4-a08b-c9e4e90bd888","c88f0649-fb51-4ca0-be76-f32440f8d044","[{""productId"":""385f16c1-3c11-44d6-8ce1-666165b9d3f9"",""productName"":""Agyenkwa Liquid Fertilizer  (5Lt) - Box(4)"",""quantity"":1,""dynamicPrice"":0,""total"":0},{""productId"":""f0bd429e-2608-4a98-b4d3-6c8e1b22ceb9"",""productName"":""OVERALL - PC"",""quantity"":1496,""dynamicPrice"":0,""total"":0}]","0","Pending","[]","2026-02-22T17:38:29.693Z","2026","false","2026-02-22T17:38:29.693Z","2026-02-22T17:38:29.693Z"
"e95a17e9-ea33-4bb5-bfbe-0b27f114906c","1e9744d4-870b-45a4-a08b-c9e4e90bd888","c88f0649-fb51-4ca0-be76-f32440f8d044","[{""productId"":""9e329163-d239-4859-b714-110d537f3f52"",""productName"":""PLANTFEED - BOX(4)"",""quantity"":1,""dynamicPrice"":0,""total"":0},{""productId"":""38f3e540-da4d-4736-a2d1-dbe4b5d12197"",""productName"":""All Wedicides (Glyphosate) - PCS"",""quantity"":1,""dynamicPrice"":0,""total"":0},{""productId"":""f0bd429e-2608-4a98-b4d3-6c8e1b22ceb9"",""productName"":""OVERALL - PC"",""quantity"":7700,""dynamicPrice"":0,""total"":0}]","0","Pending","[]","2026-02-22T17:38:29.693Z","2026","false","2026-02-22T17:38:29.693Z","2026-02-22T17:38:29.693Z"
"72bb6e60-2562-4d0d-b388-c2139ec08214","1e9744d4-870b-45a4-a08b-c9e4e90bd888","c88f0649-fb51-4ca0-be76-f32440f8d044","[{""productId"":""9e329163-d239-4859-b714-110d537f3f52"",""productName"":""PLANTFEED - BOX(4)"",""quantity"":1,""dynamicPrice"":0,""total"":0},{""productId"":""f0bd429e-2608-4a98-b4d3-6c8e1b22ceb9"",""productName"":""OVERALL - PC"",""quantity"":6800,""dynamicPrice"":0,""total"":0}]","0","Pending","[]","2026-02-22T17:38:29.693Z","2026","false","2026-02-22T17:38:29.693Z","2026-02-22T17:38:29.693Z"
"dcf20487-9082-49e9-b97d-47e613c18eef","1e9744d4-870b-45a4-a08b-c9e4e90bd888","c88f0649-fb51-4ca0-be76-f32440f8d044","[{""productId"":""f138abdd-0c9c-4336-997f-498747229ea8"",""productName"":""ALL GRAMO - BOX(12)"",""quantity"":1,""dynamicPrice"":0,""total"":0},{""productId"":""f0bd429e-2608-4a98-b4d3-6c8e1b22ceb9"",""productName"":""OVERALL - PC"",""quantity"":1904,""dynamicPrice"":0,""total"":0}]","0","Pending","[]","2026-02-22T17:38:29.693Z","2026","false","2026-02-22T17:38:29.693Z","2026-02-22T17:38:29.693Z"
"a6b997e3-0d77-4a43-9372-2dd7cc467dc7","1e9744d4-870b-45a4-a08b-c9e4e90bd888","c88f0649-fb51-4ca0-be76-f32440f8d044","[{""productId"":""9e329163-d239-4859-b714-110d537f3f52"",""productName"":""PLANTFEED - BOX(4)"",""quantity"":1,""dynamicPrice"":0,""total"":0},{""productId"":""f0bd429e-2608-4a98-b4d3-6c8e1b22ceb9"",""productName"":""OVERALL - PC"",""quantity"":6800,""dynamicPrice"":0,""total"":0}]","0","Pending","[]","2026-02-22T17:38:29.693Z","2026","false","2026-02-22T17:38:29.693Z","2026-02-22T17:38:29.693Z"
"3ab4826f-d036-42b4-aa72-3739ae9933aa","1e9744d4-870b-45a4-a08b-c9e4e90bd888","c88f0649-fb51-4ca0-be76-f32440f8d044","[{""productId"":""38f3e540-da4d-4736-a2d1-dbe4b5d12197"",""productName"":""All Wedicides (Glyphosate) - PCS"",""quantity"":1,""dynamicPrice"":0,""total"":0},{""productId"":""f0bd429e-2608-4a98-b4d3-6c8e1b22ceb9"",""productName"":""OVERALL - PC"",""quantity"":1308,""dynamicPrice"":0,""total"":0}]","0","Pending","[]","2026-02-22T17:38:29.693Z","2026","false","2026-02-22T17:38:29.693Z","2026-02-22T17:38:29.693Z"
"91a4e74c-5fb4-473c-8c6c-568689836877","1e9744d4-870b-45a4-a08b-c9e4e90bd888","c88f0649-fb51-4ca0-be76-f32440f8d044","[{""productId"":""9e329163-d239-4859-b714-110d537f3f52"",""productName"":""PLANTFEED - BOX(4)"",""quantity"":1,""dynamicPrice"":0,""total"":0},{""productId"":""f0bd429e-2608-4a98-b4d3-6c8e1b22ceb9"",""productName"":""OVERALL - PC"",""quantity"":6800,""dynamicPrice"":0,""total"":0}]","0","Pending","[]","2026-02-22T17:38:29.693Z","2026","false","2026-02-22T17:38:29.693Z","2026-02-22T17:38:29.693Z"
"9e724853-1a3c-473f-8f40-8b1f38ff15a4","1e9744d4-870b-45a4-a08b-c9e4e90bd888","c88f0649-fb51-4ca0-be76-f32440f8d044","[{""productId"":""a803bf5b-2a24-4c9c-84de-39576d09c91a"",""productName"":""AcetaStar -Adama (1Lt) - PCs"",""quantity"":1,""dynamicPrice"":0,""total"":0},{""productId"":""f0bd429e-2608-4a98-b4d3-6c8e1b22ceb9"",""productName"":""OVERALL - PC"",""quantity"":2448,""dynamicPrice"":0,""total"":0}]","0","Pending","[]","2026-02-22T17:38:29.693Z","2026","false","2026-02-22T17:38:29.693Z","2026-02-22T17:38:29.693Z"
"3a0c8af0-e750-4abe-8a27-fde4f56a0fdc","1e9744d4-870b-45a4-a08b-c9e4e90bd888","c88f0649-fb51-4ca0-be76-f32440f8d044","[{""productId"":""38f3e540-da4d-4736-a2d1-dbe4b5d12197"",""productName"":""All Wedicides (Glyphosate) - PCS"",""quantity"":1,""dynamicPrice"":0,""total"":0},{""productId"":""f0bd429e-2608-4a98-b4d3-6c8e1b22ceb9"",""productName"":""OVERALL - PC"",""quantity"":900,""dynamicPrice"":0,""total"":0}]","0","Pending","[]","2026-02-22T17:38:29.693Z","2026","false","2026-02-22T17:38:29.693Z","2026-02-22T17:38:29.693Z"
"932866fb-6189-4d4f-a024-8699f1e808c4","1e9744d4-870b-45a4-a08b-c9e4e90bd888","c88f0649-fb51-4ca0-be76-f32440f8d044","[{""productId"":""a803bf5b-2a24-4c9c-84de-39576d09c91a"",""productName"":""AcetaStar -Adama (1Lt) - PCs"",""quantity"":1,""dynamicPrice"":0,""total"":0},{""productId"":""385f16c1-3c11-44d6-8ce1-666165b9d3f9"",""productName"":""Agyenkwa Liquid Fertilizer  (5Lt) - Box(4)"",""quantity"":1,""dynamicPrice"":0,""total"":0},{""productId"":""38f3e540-da4d-4736-a2d1-dbe4b5d12197"",""productName"":""All Wedicides (Glyphosate) - PCS"",""quantity"":1,""dynamicPrice"":0,""total"":0},{""productId"":""f0bd429e-2608-4a98-b4d3-6c8e1b22ceb9"",""productName"":""OVERALL - PC"",""quantity"":4844,""dynamicPrice"":0,""total"":0}]","0","Pending","[]","2026-02-22T17:38:29.693Z","2026","false","2026-02-22T17:38:29.693Z","2026-02-22T17:38:29.693Z"
"31e4caa0-cb19-4b61-a2d8-e7aecb943b03","1e9744d4-870b-45a4-a08b-c9e4e90bd888","c88f0649-fb51-4ca0-be76-f32440f8d044","[{""productId"":""9e329163-d239-4859-b714-110d537f3f52"",""productName"":""PLANTFEED - BOX(4)"",""quantity"":1,""dynamicPrice"":0,""total"":0},{""productId"":""f0bd429e-2608-4a98-b4d3-6c8e1b22ceb9"",""productName"":""OVERALL - PC"",""quantity"":8024,""dynamicPrice"":0,""total"":0}]","0","Pending","[]","2026-02-22T17:38:29.693Z","2026","false","2026-02-22T17:38:29.693Z","2026-02-22T17:38:29.693Z"
"30f29878-9771-45c2-9fef-efdc95581af7","1e9744d4-870b-45a4-a08b-c9e4e90bd888","c88f0649-fb51-4ca0-be76-f32440f8d044","[{""productId"":""a803bf5b-2a24-4c9c-84de-39576d09c91a"",""productName"":""AcetaStar -Adama (1Lt) - PCs"",""quantity"":1,""dynamicPrice"":0,""total"":0},{""productId"":""38f3e540-da4d-4736-a2d1-dbe4b5d12197"",""productName"":""All Wedicides (Glyphosate) - PCS"",""quantity"":1,""dynamicPrice"":0,""total"":0},{""productId"":""f0bd429e-2608-4a98-b4d3-6c8e1b22ceb9"",""productName"":""OVERALL - PC"",""quantity"":3348,""dynamicPrice"":0,""total"":0}]","0","Pending","[]","2026-02-22T17:38:29.693Z","2026","false","2026-02-22T17:38:29.693Z","2026-02-22T17:38:29.693Z"
"a36f4397-e4a4-4c9a-b6f4-308ccf9ebfcf","1e9744d4-870b-45a4-a08b-c9e4e90bd888","c88f0649-fb51-4ca0-be76-f32440f8d044","[{""productId"":""a803bf5b-2a24-4c9c-84de-39576d09c91a"",""productName"":""AcetaStar -Adama (1Lt) - PCs"",""quantity"":3,""dynamicPrice"":0,""total"":0},{""productId"":""f0bd429e-2608-4a98-b4d3-6c8e1b22ceb9"",""productName"":""OVERALL - PC"",""quantity"":7344,""dynamicPrice"":0,""total"":0}]","0","Pending","[]","2026-02-22T17:38:29.693Z","2026","false","2026-02-22T17:38:29.693Z","2026-02-22T17:38:29.693Z"
"dd45d463-11ca-4a4b-baaa-e4be1df6a4d0","1e9744d4-870b-45a4-a08b-c9e4e90bd888","c88f0649-fb51-4ca0-be76-f32440f8d044","[{""productId"":""a1405336-2f2e-4bcc-8417-d7e01175e79a"",""productName"":""Agyenkwa Liquid Fertilizer  (5Lt) - PCs"",""quantity"":1,""dynamicPrice"":0,""total"":0},{""productId"":""385f16c1-3c11-44d6-8ce1-666165b9d3f9"",""productName"":""Agyenkwa Liquid Fertilizer  (5Lt) - Box(4)"",""quantity"":1,""dynamicPrice"":0,""total"":0},{""productId"":""f0bd429e-2608-4a98-b4d3-6c8e1b22ceb9"",""productName"":""OVERALL - PC"",""quantity"":2584,""dynamicPrice"":0,""total"":0}]","0","Pending","[]","2026-02-22T17:38:29.693Z","2026","false","2026-02-22T17:38:29.693Z","2026-02-22T17:38:29.693Z"
"9e09b4ca-4d12-4e5e-b416-fe90b8f5c0d6","1e9744d4-870b-45a4-a08b-c9e4e90bd888","c88f0649-fb51-4ca0-be76-f32440f8d044","[{""productId"":""a803bf5b-2a24-4c9c-84de-39576d09c91a"",""productName"":""AcetaStar -Adama (1Lt) - PCs"",""quantity"":2,""dynamicPrice"":0,""total"":0},{""productId"":""9e329163-d239-4859-b714-110d537f3f52"",""productName"":""PLANTFEED - BOX(4)"",""quantity"":1,""dynamicPrice"":0,""total"":0},{""productId"":""8ba123ee-8e9c-4656-8b61-117a6cf879b5"",""productName"":""ALL GRAMO - PCS"",""quantity"":2,""dynamicPrice"":0,""total"":0},{""productId"":""f0bd429e-2608-4a98-b4d3-6c8e1b22ceb9"",""productName"":""OVERALL - PC"",""quantity"":13328,""dynamicPrice"":0,""total"":0}]","0","Pending","[]","2026-02-22T17:38:29.693Z","2026","false","2026-02-22T17:38:29.693Z","2026-02-22T17:38:29.693Z"
"3b1d4e5f-a4d3-4a4f-9f58-ebd805eb5b72","1e9744d4-870b-45a4-a08b-c9e4e90bd888","c88f0649-fb51-4ca0-be76-f32440f8d044","[{""productId"":""e06738f9-78ac-43ff-bae1-7907fca1f19e"",""productName"":""AKATE BRAFO - Box"",""quantity"":6,""dynamicPrice"":0,""total"":0},{""productId"":""f138abdd-0c9c-4336-997f-498747229ea8"",""productName"":""ALL GRAMO - BOX(12)"",""quantity"":1,""dynamicPrice"":0,""total"":0},{""productId"":""cfdad266-0aeb-4819-adca-1da5af469ab7"",""productName"":""WELLINGTON BOOT - PC"",""quantity"":1,""dynamicPrice"":0,""total"":0},{""productId"":""f0bd429e-2608-4a98-b4d3-6c8e1b22ceb9"",""productName"":""OVERALL - PC"",""quantity"":5100,""dynamicPrice"":0,""total"":0}]","0","Pending","[]","2026-02-22T17:38:29.693Z","2026","false","2026-02-22T17:38:29.693Z","2026-02-22T17:38:29.693Z"
"13276a65-337b-4f02-a4ca-42554efa4465","1e9744d4-870b-45a4-a08b-c9e4e90bd888","c88f0649-fb51-4ca0-be76-f32440f8d044","[{""productId"":""a803bf5b-2a24-4c9c-84de-39576d09c91a"",""productName"":""AcetaStar -Adama (1Lt) - PCs"",""quantity"":1,""dynamicPrice"":0,""total"":0},{""productId"":""9e329163-d239-4859-b714-110d537f3f52"",""productName"":""PLANTFEED - BOX(4)"",""quantity"":1,""dynamicPrice"":0,""total"":0},{""productId"":""f0bd429e-2608-4a98-b4d3-6c8e1b22ceb9"",""productName"":""OVERALL - PC"",""quantity"":9248,""dynamicPrice"":0,""total"":0}]","0","Pending","[]","2026-02-22T17:38:29.693Z","2026","false","2026-02-22T17:38:29.693Z","2026-02-22T17:38:29.693Z"
"6c2c5f58-6130-4196-a554-0da4aff01184","1e9744d4-870b-45a4-a08b-c9e4e90bd888","6709f1ef-4e51-424f-895a-1b9e66dcc1ea","[{""productId"":""1f9cf856-1826-4955-b4ac-c5998650f73d"",""productName"":""AcetaStar -Adama (1Lt) - Box (12pcs)"",""quantity"":17,""dynamicPrice"":0,""total"":0},{""productId"":""f0bd429e-2608-4a98-b4d3-6c8e1b22ceb9"",""productName"":""OVERALL - PC"",""quantity"":3009,""dynamicPrice"":0,""total"":0}]","0","Pending","[]","2026-02-22T17:38:29.693Z","2026","false","2026-02-22T17:38:29.693Z","2026-02-22T17:38:29.693Z"
"589037e0-a40f-465e-bbde-ca3ae951a848","1e9744d4-870b-45a4-a08b-c9e4e90bd888","6709f1ef-4e51-424f-895a-1b9e66dcc1ea","[{""productId"":""1f9cf856-1826-4955-b4ac-c5998650f73d"",""productName"":""AcetaStar -Adama (1Lt) - Box (12pcs)"",""quantity"":5,""dynamicPrice"":0,""total"":0},{""productId"":""f0bd429e-2608-4a98-b4d3-6c8e1b22ceb9"",""productName"":""OVERALL - PC"",""quantity"":885,""dynamicPrice"":0,""total"":0}]","0","Pending","[]","2026-02-22T17:38:29.693Z","2026","false","2026-02-22T17:38:29.693Z","2026-02-22T17:38:29.693Z"
"26dc14bc-e0b5-4825-962e-29367d79ea16","1e9744d4-870b-45a4-a08b-c9e4e90bd888","6709f1ef-4e51-424f-895a-1b9e66dcc1ea","[{""productId"":""e5a59040-f530-4a7f-b5a2-89afa657c929"",""productName"":""Galil - PCs"",""quantity"":1,""dynamicPrice"":0,""total"":0},{""productId"":""9e329163-d239-4859-b714-110d537f3f52"",""productName"":""PLANTFEED - BOX(4)"",""quantity"":1,""dynamicPrice"":0,""total"":0},{""productId"":""f0bd429e-2608-4a98-b4d3-6c8e1b22ceb9"",""productName"":""OVERALL - PC"",""quantity"":15296,""dynamicPrice"":0,""total"":0}]","0","Pending","[]","2026-02-22T17:38:29.693Z","2026","false","2026-02-22T17:38:29.693Z","2026-02-22T17:38:29.693Z"
"fca4ed3f-9439-4163-be21-07860d2143cf","1e9744d4-870b-45a4-a08b-c9e4e90bd888","6709f1ef-4e51-424f-895a-1b9e66dcc1ea","[{""productId"":""1f9cf856-1826-4955-b4ac-c5998650f73d"",""productName"":""AcetaStar -Adama (1Lt) - Box (12pcs)"",""quantity"":10,""dynamicPrice"":0,""total"":0},{""productId"":""f0bd429e-2608-4a98-b4d3-6c8e1b22ceb9"",""productName"":""OVERALL - PC"",""quantity"":1770,""dynamicPrice"":0,""total"":0}]","0","Pending","[]","2026-02-22T17:38:29.693Z","2026","false","2026-02-22T17:38:29.693Z","2026-02-22T17:38:29.693Z"
"b7db08d5-5b13-4708-81f1-6cad04664b7b","1e9744d4-870b-45a4-a08b-c9e4e90bd888","6709f1ef-4e51-424f-895a-1b9e66dcc1ea","[{""productId"":""1f9cf856-1826-4955-b4ac-c5998650f73d"",""productName"":""AcetaStar -Adama (1Lt) - Box (12pcs)"",""quantity"":10,""dynamicPrice"":0,""total"":0},{""productId"":""f0bd429e-2608-4a98-b4d3-6c8e1b22ceb9"",""productName"":""OVERALL - PC"",""quantity"":1770,""dynamicPrice"":0,""total"":0}]","0","Pending","[]","2026-02-22T17:38:29.693Z","2026","false","2026-02-22T17:38:29.693Z","2026-02-22T17:38:29.693Z"
"91e95a70-20ee-49bf-be15-bd15b94edd35","1e9744d4-870b-45a4-a08b-c9e4e90bd888","6709f1ef-4e51-424f-895a-1b9e66dcc1ea","[{""productId"":""1f9cf856-1826-4955-b4ac-c5998650f73d"",""productName"":""AcetaStar -Adama (1Lt) - Box (12pcs)"",""quantity"":15,""dynamicPrice"":0,""total"":0},{""productId"":""9e329163-d239-4859-b714-110d537f3f52"",""productName"":""PLANTFEED - BOX(4)"",""quantity"":1,""dynamicPrice"":0,""total"":0},{""productId"":""f0bd429e-2608-4a98-b4d3-6c8e1b22ceb9"",""productName"":""OVERALL - PC"",""quantity"":9455,""dynamicPrice"":0,""total"":0}]","0","Pending","[]","2026-02-22T17:38:29.693Z","2026","false","2026-02-22T17:38:29.693Z","2026-02-22T17:38:29.693Z"
"a7539cde-0015-4fb6-98f3-9e9f64712a88","1e9744d4-870b-45a4-a08b-c9e4e90bd888","6709f1ef-4e51-424f-895a-1b9e66dcc1ea","[{""productId"":""1f9cf856-1826-4955-b4ac-c5998650f73d"",""productName"":""AcetaStar -Adama (1Lt) - Box (12pcs)"",""quantity"":2,""dynamicPrice"":0,""total"":0},{""productId"":""9a8d8efa-31a1-4cda-8e82-19b3fb773244"",""productName"":""STANDARD PRUNNER - PC"",""quantity"":1,""dynamicPrice"":0,""total"":0},{""productId"":""f0bd429e-2608-4a98-b4d3-6c8e1b22ceb9"",""productName"":""OVERALL - PC"",""quantity"":476,""dynamicPrice"":0,""total"":0}]","0","Pending","[]","2026-02-22T17:38:29.693Z","2026","false","2026-02-22T17:38:29.693Z","2026-02-22T17:38:29.693Z"
"eb0d0ab6-146e-47fe-b29a-8876378d0321","1e9744d4-870b-45a4-a08b-c9e4e90bd888","fa9cc2ca-c222-4613-ad65-4f3a9a9fde84","[{""productId"":""a803bf5b-2a24-4c9c-84de-39576d09c91a"",""productName"":""AcetaStar -Adama (1Lt) - PCs"",""quantity"":3,""dynamicPrice"":0,""total"":0},{""productId"":""f138abdd-0c9c-4336-997f-498747229ea8"",""productName"":""ALL GRAMO - BOX(12)"",""quantity"":1,""dynamicPrice"":0,""total"":0},{""productId"":""f0bd429e-2608-4a98-b4d3-6c8e1b22ceb9"",""productName"":""OVERALL - PC"",""quantity"":9248,""dynamicPrice"":0,""total"":0}]","0","Pending","[]","2026-02-22T17:38:29.693Z","2026","false","2026-02-22T17:38:29.693Z","2026-02-22T17:38:29.693Z"
"557e9d09-20f2-42d3-8ada-d4becbaa5af1","1e9744d4-870b-45a4-a08b-c9e4e90bd888","fa9cc2ca-c222-4613-ad65-4f3a9a9fde84","[{""productId"":""a803bf5b-2a24-4c9c-84de-39576d09c91a"",""productName"":""AcetaStar -Adama (1Lt) - PCs"",""quantity"":1,""dynamicPrice"":0,""total"":0},{""productId"":""9e329163-d239-4859-b714-110d537f3f52"",""productName"":""PLANTFEED - BOX(4)"",""quantity"":1,""dynamicPrice"":0,""total"":0},{""productId"":""f0bd429e-2608-4a98-b4d3-6c8e1b22ceb9"",""productName"":""OVERALL - PC"",""quantity"":9248,""dynamicPrice"":0,""total"":0}]","0","Pending","[]","2026-02-22T17:38:29.693Z","2026","false","2026-02-22T17:38:29.693Z","2026-02-22T17:38:29.693Z"
"0d14fbf0-68f3-41f0-b382-cf49d9ca387b","1e9744d4-870b-45a4-a08b-c9e4e90bd888","fa9cc2ca-c222-4613-ad65-4f3a9a9fde84","[{""productId"":""1f9cf856-1826-4955-b4ac-c5998650f73d"",""productName"":""AcetaStar -Adama (1Lt) - Box (12pcs)"",""quantity"":10,""dynamicPrice"":0,""total"":0},{""productId"":""f0bd429e-2608-4a98-b4d3-6c8e1b22ceb9"",""productName"":""OVERALL - PC"",""quantity"":1770,""dynamicPrice"":0,""total"":0}]","0","Pending","[]","2026-02-22T17:38:29.693Z","2026","false","2026-02-22T17:38:29.693Z","2026-02-22T17:38:29.693Z"
"2d7043ac-bcca-4c39-acb1-77fa1c486017","1e9744d4-870b-45a4-a08b-c9e4e90bd888","fa9cc2ca-c222-4613-ad65-4f3a9a9fde84","[{""productId"":""1f9cf856-1826-4955-b4ac-c5998650f73d"",""productName"":""AcetaStar -Adama (1Lt) - Box (12pcs)"",""quantity"":10,""dynamicPrice"":0,""total"":0},{""productId"":""f0bd429e-2608-4a98-b4d3-6c8e1b22ceb9"",""productName"":""OVERALL - PC"",""quantity"":1770,""dynamicPrice"":0,""total"":0}]","0","Pending","[]","2026-02-22T17:38:29.693Z","2026","false","2026-02-22T17:38:29.693Z","2026-02-22T17:38:29.693Z"
"e1ba5821-4efa-409a-8e83-0715679a03dc","1e9744d4-870b-45a4-a08b-c9e4e90bd888","fa9cc2ca-c222-4613-ad65-4f3a9a9fde84","[{""productId"":""1f9cf856-1826-4955-b4ac-c5998650f73d"",""productName"":""AcetaStar -Adama (1Lt) - Box (12pcs)"",""quantity"":1,""dynamicPrice"":0,""total"":0},{""productId"":""f0bd429e-2608-4a98-b4d3-6c8e1b22ceb9"",""productName"":""OVERALL - PC"",""quantity"":177,""dynamicPrice"":0,""total"":0}]","0","Pending","[]","2026-02-22T17:38:29.693Z","2026","false","2026-02-22T17:38:29.693Z","2026-02-22T17:38:29.693Z"
"d2e0dd64-9514-462d-83c9-08887b181a43","1e9744d4-870b-45a4-a08b-c9e4e90bd888","fa9cc2ca-c222-4613-ad65-4f3a9a9fde84","[{""productId"":""1f9cf856-1826-4955-b4ac-c5998650f73d"",""productName"":""AcetaStar -Adama (1Lt) - Box (12pcs)"",""quantity"":10,""dynamicPrice"":0,""total"":0},{""productId"":""f0bd429e-2608-4a98-b4d3-6c8e1b22ceb9"",""productName"":""OVERALL - PC"",""quantity"":1770,""dynamicPrice"":0,""total"":0}]","0","Pending","[]","2026-02-22T17:38:29.693Z","2026","false","2026-02-22T17:38:29.693Z","2026-02-22T17:38:29.693Z"
"b5787949-ca1c-4a78-985a-2d4ab64889c3","1e9744d4-870b-45a4-a08b-c9e4e90bd888","fa9cc2ca-c222-4613-ad65-4f3a9a9fde84","[{""productId"":""1f9cf856-1826-4955-b4ac-c5998650f73d"",""productName"":""AcetaStar -Adama (1Lt) - Box (12pcs)"",""quantity"":2,""dynamicPrice"":0,""total"":0},{""productId"":""9e329163-d239-4859-b714-110d537f3f52"",""productName"":""PLANTFEED - BOX(4)"",""quantity"":1,""dynamicPrice"":0,""total"":0},{""productId"":""f0bd429e-2608-4a98-b4d3-6c8e1b22ceb9"",""productName"":""OVERALL - PC"",""quantity"":7154,""dynamicPrice"":0,""total"":0}]","0","Pending","[]","2026-02-22T17:38:29.693Z","2026","false","2026-02-22T17:38:29.693Z","2026-02-22T17:38:29.693Z"
"6a02b7d3-f3bf-4e5f-a4d9-07319a3d055a","1e9744d4-870b-45a4-a08b-c9e4e90bd888","fa9cc2ca-c222-4613-ad65-4f3a9a9fde84","[{""productId"":""f534e814-4c46-4b67-a6b1-1b538358871c"",""productName"":""Galil - Box"",""quantity"":2,""dynamicPrice"":0,""total"":0},{""productId"":""0e80e4eb-78f8-4920-b3b8-566f6fcef3a3"",""productName"":""BEGREEN - BOX(6)"",""quantity"":2,""dynamicPrice"":0,""total"":0},{""productId"":""f0bd429e-2608-4a98-b4d3-6c8e1b22ceb9"",""productName"":""OVERALL - PC"",""quantity"":762,""dynamicPrice"":0,""total"":0}]","0","Pending","[]","2026-02-22T17:38:29.693Z","2026","false","2026-02-22T17:38:29.693Z","2026-02-22T17:38:29.693Z"
"866b3435-118b-4dbe-9953-6ef8ba632129","1e9744d4-870b-45a4-a08b-c9e4e90bd888","fa9cc2ca-c222-4613-ad65-4f3a9a9fde84","[{""productId"":""a803bf5b-2a24-4c9c-84de-39576d09c91a"",""productName"":""AcetaStar -Adama (1Lt) - PCs"",""quantity"":1,""dynamicPrice"":0,""total"":0},{""productId"":""a82aa234-23b2-4273-8df0-ca1a7dad9a1f"",""productName"":""AKATE BRAFO - PCs"",""quantity"":2,""dynamicPrice"":0,""total"":0},{""productId"":""9e329163-d239-4859-b714-110d537f3f52"",""productName"":""PLANTFEED - BOX(4)"",""quantity"":1,""dynamicPrice"":0,""total"":0},{""productId"":""f0bd429e-2608-4a98-b4d3-6c8e1b22ceb9"",""productName"":""OVERALL - PC"",""quantity"":13496,""dynamicPrice"":0,""total"":0}]","0","Pending","[]","2026-02-22T17:38:29.693Z","2026","false","2026-02-22T17:38:29.693Z","2026-02-22T17:38:29.693Z"
"8fccd0d5-30e1-4b18-9012-08b159469ae6","1e9744d4-870b-45a4-a08b-c9e4e90bd888","fa9cc2ca-c222-4613-ad65-4f3a9a9fde84","[{""productId"":""9e329163-d239-4859-b714-110d537f3f52"",""productName"":""PLANTFEED - BOX(4)"",""quantity"":1,""dynamicPrice"":0,""total"":0},{""productId"":""f0bd429e-2608-4a98-b4d3-6c8e1b22ceb9"",""productName"":""OVERALL - PC"",""quantity"":8024,""dynamicPrice"":0,""total"":0}]","0","Pending","[]","2026-02-22T17:38:29.693Z","2026","false","2026-02-22T17:38:29.693Z","2026-02-22T17:38:29.693Z"
"115a6440-b31f-439c-ad8a-3369d672e295","1e9744d4-870b-45a4-a08b-c9e4e90bd888","fa9cc2ca-c222-4613-ad65-4f3a9a9fde84","[{""productId"":""9e329163-d239-4859-b714-110d537f3f52"",""productName"":""PLANTFEED - BOX(4)"",""quantity"":1,""dynamicPrice"":0,""total"":0},{""productId"":""f0bd429e-2608-4a98-b4d3-6c8e1b22ceb9"",""productName"":""OVERALL - PC"",""quantity"":6800,""dynamicPrice"":0,""total"":0}]","0","Pending","[]","2026-02-22T17:38:29.693Z","2026","false","2026-02-22T17:38:29.693Z","2026-02-22T17:38:29.693Z"
"21f3301e-6e48-45fc-aba4-6551c20da439","1e9744d4-870b-45a4-a08b-c9e4e90bd888","fa9cc2ca-c222-4613-ad65-4f3a9a9fde84","[{""productId"":""f534e814-4c46-4b67-a6b1-1b538358871c"",""productName"":""Galil - Box"",""quantity"":2,""dynamicPrice"":0,""total"":0},{""productId"":""0e80e4eb-78f8-4920-b3b8-566f6fcef3a3"",""productName"":""BEGREEN - BOX(6)"",""quantity"":2,""dynamicPrice"":0,""total"":0},{""productId"":""f0bd429e-2608-4a98-b4d3-6c8e1b22ceb9"",""productName"":""OVERALL - PC"",""quantity"":762,""dynamicPrice"":0,""total"":0}]","0","Pending","[]","2026-02-22T17:38:29.693Z","2026","false","2026-02-22T17:38:29.693Z","2026-02-22T17:38:29.693Z"
"4e121961-9151-42d3-8a05-f0864d068d08","1e9744d4-870b-45a4-a08b-c9e4e90bd888","fa9cc2ca-c222-4613-ad65-4f3a9a9fde84","[{""productId"":""a803bf5b-2a24-4c9c-84de-39576d09c91a"",""productName"":""AcetaStar -Adama (1Lt) - PCs"",""quantity"":1,""dynamicPrice"":0,""total"":0},{""productId"":""385f16c1-3c11-44d6-8ce1-666165b9d3f9"",""productName"":""Agyenkwa Liquid Fertilizer  (5Lt) - Box(4)"",""quantity"":1,""dynamicPrice"":0,""total"":0},{""productId"":""8ba123ee-8e9c-4656-8b61-117a6cf879b5"",""productName"":""ALL GRAMO - PCS"",""quantity"":1,""dynamicPrice"":0,""total"":0},{""productId"":""f0bd429e-2608-4a98-b4d3-6c8e1b22ceb9"",""productName"":""OVERALL - PC"",""quantity"":3536,""dynamicPrice"":0,""total"":0}]","0","Pending","[]","2026-02-22T17:38:29.693Z","2026","false","2026-02-22T17:38:29.693Z","2026-02-22T17:38:29.693Z"
"2ad55960-933f-438d-bc2a-f1665d3606e6","1e9744d4-870b-45a4-a08b-c9e4e90bd888","fa9cc2ca-c222-4613-ad65-4f3a9a9fde84","[{""productId"":""a803bf5b-2a24-4c9c-84de-39576d09c91a"",""productName"":""AcetaStar -Adama (1Lt) - PCs"",""quantity"":1,""dynamicPrice"":0,""total"":0},{""productId"":""9e329163-d239-4859-b714-110d537f3f52"",""productName"":""PLANTFEED - BOX(4)"",""quantity"":1,""dynamicPrice"":0,""total"":0},{""productId"":""8ba123ee-8e9c-4656-8b61-117a6cf879b5"",""productName"":""ALL GRAMO - PCS"",""quantity"":1,""dynamicPrice"":0,""total"":0},{""productId"":""f0bd429e-2608-4a98-b4d3-6c8e1b22ceb9"",""productName"":""OVERALL - PC"",""quantity"":10064,""dynamicPrice"":0,""total"":0}]","0","Pending","[]","2026-02-22T17:38:29.693Z","2026","false","2026-02-22T17:38:29.693Z","2026-02-22T17:38:29.693Z"
"5d1023b3-e5ce-4227-816d-b6a73bcba95e","1e9744d4-870b-45a4-a08b-c9e4e90bd888","fa9cc2ca-c222-4613-ad65-4f3a9a9fde84","[{""productId"":""1f9cf856-1826-4955-b4ac-c5998650f73d"",""productName"":""AcetaStar -Adama (1Lt) - Box (12pcs)"",""quantity"":40,""dynamicPrice"":0,""total"":0},{""productId"":""9e329163-d239-4859-b714-110d537f3f52"",""productName"":""PLANTFEED - BOX(4)"",""quantity"":1,""dynamicPrice"":0,""total"":0},{""productId"":""f0bd429e-2608-4a98-b4d3-6c8e1b22ceb9"",""productName"":""OVERALL - PC"",""quantity"":13880,""dynamicPrice"":0,""total"":0}]","0","Pending","[]","2026-02-22T17:38:29.693Z","2026","false","2026-02-22T17:38:29.693Z","2026-02-22T17:38:29.693Z"
"1243e27f-b8f8-4c98-abc8-d0e7a19b08ff","1e9744d4-870b-45a4-a08b-c9e4e90bd888","fa9cc2ca-c222-4613-ad65-4f3a9a9fde84","[{""productId"":""1f9cf856-1826-4955-b4ac-c5998650f73d"",""productName"":""AcetaStar -Adama (1Lt) - Box (12pcs)"",""quantity"":24,""dynamicPrice"":0,""total"":0},{""productId"":""e06738f9-78ac-43ff-bae1-7907fca1f19e"",""productName"":""AKATE BRAFO - Box"",""quantity"":8,""dynamicPrice"":0,""total"":0},{""productId"":""a1405336-2f2e-4bcc-8417-d7e01175e79a"",""productName"":""Agyenkwa Liquid Fertilizer  (5Lt) - PCs"",""quantity"":2,""dynamicPrice"":0,""total"":0},{""productId"":""f0bd429e-2608-4a98-b4d3-6c8e1b22ceb9"",""productName"":""OVERALL - PC"",""quantity"":7296,""dynamicPrice"":0,""total"":0}]","0","Pending","[]","2026-02-22T17:38:29.693Z","2026","false","2026-02-22T17:38:29.693Z","2026-02-22T17:38:29.693Z"
"7c8e6401-3c33-437e-8ce7-7623a4cd746c","1e9744d4-870b-45a4-a08b-c9e4e90bd888","fa9cc2ca-c222-4613-ad65-4f3a9a9fde84","[{""productId"":""0e80e4eb-78f8-4920-b3b8-566f6fcef3a3"",""productName"":""BEGREEN - BOX(6)"",""quantity"":2,""dynamicPrice"":0,""total"":0},{""productId"":""9e329163-d239-4859-b714-110d537f3f52"",""productName"":""PLANTFEED - BOX(4)"",""quantity"":1,""dynamicPrice"":0,""total"":0},{""productId"":""f0bd429e-2608-4a98-b4d3-6c8e1b22ceb9"",""productName"":""OVERALL - PC"",""quantity"":8432,""dynamicPrice"":0,""total"":0}]","0","Pending","[]","2026-02-22T17:38:29.693Z","2026","false","2026-02-22T17:38:29.693Z","2026-02-22T17:38:29.693Z"
"9e9c06a3-b265-4576-b90b-ed8cb3cb992c","1e9744d4-870b-45a4-a08b-c9e4e90bd888","fa9cc2ca-c222-4613-ad65-4f3a9a9fde84","[{""productId"":""1f9cf856-1826-4955-b4ac-c5998650f73d"",""productName"":""AcetaStar -Adama (1Lt) - Box (12pcs)"",""quantity"":10,""dynamicPrice"":0,""total"":0},{""productId"":""f0bd429e-2608-4a98-b4d3-6c8e1b22ceb9"",""productName"":""OVERALL - PC"",""quantity"":1770,""dynamicPrice"":0,""total"":0}]","0","Pending","[]","2026-02-22T17:38:29.693Z","2026","false","2026-02-22T17:38:29.693Z","2026-02-22T17:38:29.693Z"
"603fd1b3-50a6-4792-9466-187bd275b9d7","1e9744d4-870b-45a4-a08b-c9e4e90bd888","fa9cc2ca-c222-4613-ad65-4f3a9a9fde84","[{""productId"":""a803bf5b-2a24-4c9c-84de-39576d09c91a"",""productName"":""AcetaStar -Adama (1Lt) - PCs"",""quantity"":2,""dynamicPrice"":0,""total"":0},{""productId"":""f0bd429e-2608-4a98-b4d3-6c8e1b22ceb9"",""productName"":""OVERALL - PC"",""quantity"":4896,""dynamicPrice"":0,""total"":0}]","0","Pending","[]","2026-02-22T17:38:29.693Z","2026","false","2026-02-22T17:38:29.693Z","2026-02-22T17:38:29.693Z"
"9c2837f2-cc39-4d2f-ad06-c8448f63c84c","1e9744d4-870b-45a4-a08b-c9e4e90bd888","fa9cc2ca-c222-4613-ad65-4f3a9a9fde84","[{""productId"":""e06738f9-78ac-43ff-bae1-7907fca1f19e"",""productName"":""AKATE BRAFO - Box"",""quantity"":8,""dynamicPrice"":0,""total"":0},{""productId"":""9e329163-d239-4859-b714-110d537f3f52"",""productName"":""PLANTFEED - BOX(4)"",""quantity"":1,""dynamicPrice"":0,""total"":0},{""productId"":""f0bd429e-2608-4a98-b4d3-6c8e1b22ceb9"",""productName"":""OVERALL - PC"",""quantity"":25016,""dynamicPrice"":0,""total"":0}]","0","Pending","[]","2026-02-22T17:38:29.693Z","2026","false","2026-02-22T17:38:29.693Z","2026-02-22T17:38:29.693Z"
"7ec1f045-8170-4dfd-b18b-2cbbaeaa76eb","1e9744d4-870b-45a4-a08b-c9e4e90bd888","a6d9df34-5f2d-4869-8cd6-395d8392814a","[{""productId"":""f0bd429e-2608-4a98-b4d3-6c8e1b22ceb9"",""productName"":""OVERALL - PC"",""quantity"":1224,""dynamicPrice"":0,""total"":0}]","0","Pending","[]","2026-02-22T17:38:29.693Z","2026","false","2026-02-22T17:38:29.693Z","2026-02-22T17:38:29.693Z"
"5c27fa48-d743-4813-b8d8-60fbd7a72bdf","1e9744d4-870b-45a4-a08b-c9e4e90bd888","a6d9df34-5f2d-4869-8cd6-395d8392814a","[{""productId"":""1f9cf856-1826-4955-b4ac-c5998650f73d"",""productName"":""AcetaStar -Adama (1Lt) - Box (12pcs)"",""quantity"":24,""dynamicPrice"":0,""total"":0},{""productId"":""9e329163-d239-4859-b714-110d537f3f52"",""productName"":""PLANTFEED - BOX(4)"",""quantity"":1,""dynamicPrice"":0,""total"":0},{""productId"":""f0bd429e-2608-4a98-b4d3-6c8e1b22ceb9"",""productName"":""OVERALL - PC"",""quantity"":11048,""dynamicPrice"":0,""total"":0}]","0","Pending","[]","2026-02-22T17:38:29.693Z","2026","false","2026-02-22T17:38:29.693Z","2026-02-22T17:38:29.693Z"
"0ac9eb5f-8e18-45d5-ad2a-9546f76d9496","1e9744d4-870b-45a4-a08b-c9e4e90bd888","a6d9df34-5f2d-4869-8cd6-395d8392814a","[{""productId"":""1f9cf856-1826-4955-b4ac-c5998650f73d"",""productName"":""AcetaStar -Adama (1Lt) - Box (12pcs)"",""quantity"":6,""dynamicPrice"":0,""total"":0},{""productId"":""9e329163-d239-4859-b714-110d537f3f52"",""productName"":""PLANTFEED - BOX(4)"",""quantity"":1,""dynamicPrice"":0,""total"":0},{""productId"":""f0bd429e-2608-4a98-b4d3-6c8e1b22ceb9"",""productName"":""OVERALL - PC"",""quantity"":9086,""dynamicPrice"":0,""total"":0}]","0","Pending","[]","2026-02-22T17:38:29.693Z","2026","false","2026-02-22T17:38:29.693Z","2026-02-22T17:38:29.693Z"
"f986f97d-d291-4d4b-80da-8cf82a23c306","1e9744d4-870b-45a4-a08b-c9e4e90bd888","a6d9df34-5f2d-4869-8cd6-395d8392814a","[{""productId"":""9e329163-d239-4859-b714-110d537f3f52"",""productName"":""PLANTFEED - BOX(4)"",""quantity"":1,""dynamicPrice"":0,""total"":0},{""productId"":""f0bd429e-2608-4a98-b4d3-6c8e1b22ceb9"",""productName"":""OVERALL - PC"",""quantity"":6800,""dynamicPrice"":0,""total"":0}]","0","Pending","[]","2026-02-22T17:38:29.693Z","2026","false","2026-02-22T17:38:29.693Z","2026-02-22T17:38:29.693Z"
"1f066d5c-8c9d-44c3-ba1d-6698ec164216","1e9744d4-870b-45a4-a08b-c9e4e90bd888","a6d9df34-5f2d-4869-8cd6-395d8392814a","[{""productId"":""a803bf5b-2a24-4c9c-84de-39576d09c91a"",""productName"":""AcetaStar -Adama (1Lt) - PCs"",""quantity"":1,""dynamicPrice"":0,""total"":0},{""productId"":""f0bd429e-2608-4a98-b4d3-6c8e1b22ceb9"",""productName"":""OVERALL - PC"",""quantity"":2448,""dynamicPrice"":0,""total"":0}]","0","Pending","[]","2026-02-22T17:38:29.693Z","2026","false","2026-02-22T17:38:29.693Z","2026-02-22T17:38:29.693Z"
"da257394-13ea-4bb6-830c-b0c292371f02","1e9744d4-870b-45a4-a08b-c9e4e90bd888","a6d9df34-5f2d-4869-8cd6-395d8392814a","[{""productId"":""a803bf5b-2a24-4c9c-84de-39576d09c91a"",""productName"":""AcetaStar -Adama (1Lt) - PCs"",""quantity"":1,""dynamicPrice"":0,""total"":0},{""productId"":""f0bd429e-2608-4a98-b4d3-6c8e1b22ceb9"",""productName"":""OVERALL - PC"",""quantity"":2448,""dynamicPrice"":0,""total"":0}]","0","Pending","[]","2026-02-22T17:38:29.693Z","2026","false","2026-02-22T17:38:29.693Z","2026-02-22T17:38:29.693Z"
"f4040f56-0a66-46ec-8a3e-1be8bd424f7f","1e9744d4-870b-45a4-a08b-c9e4e90bd888","a6d9df34-5f2d-4869-8cd6-395d8392814a","[{""productId"":""9e329163-d239-4859-b714-110d537f3f52"",""productName"":""PLANTFEED - BOX(4)"",""quantity"":1,""dynamicPrice"":0,""total"":0},{""productId"":""f0bd429e-2608-4a98-b4d3-6c8e1b22ceb9"",""productName"":""OVERALL - PC"",""quantity"":6800,""dynamicPrice"":0,""total"":0}]","0","Pending","[]","2026-02-22T17:38:29.693Z","2026","false","2026-02-22T17:38:29.693Z","2026-02-22T17:38:29.693Z"
"95697196-ea14-4ee3-a6dc-8e661b056d35","1e9744d4-870b-45a4-a08b-c9e4e90bd888","a6d9df34-5f2d-4869-8cd6-395d8392814a","[{""productId"":""a803bf5b-2a24-4c9c-84de-39576d09c91a"",""productName"":""AcetaStar -Adama (1Lt) - PCs"",""quantity"":1,""dynamicPrice"":0,""total"":0},{""productId"":""f0bd429e-2608-4a98-b4d3-6c8e1b22ceb9"",""productName"":""OVERALL - PC"",""quantity"":2448,""dynamicPrice"":0,""total"":0}]","0","Pending","[]","2026-02-22T17:38:29.693Z","2026","false","2026-02-22T17:38:29.693Z","2026-02-22T17:38:29.693Z"
"e1dff3e4-2ae3-46bf-a8ee-26636bc80056","1e9744d4-870b-45a4-a08b-c9e4e90bd888","a6d9df34-5f2d-4869-8cd6-395d8392814a","[{""productId"":""a803bf5b-2a24-4c9c-84de-39576d09c91a"",""productName"":""AcetaStar -Adama (1Lt) - PCs"",""quantity"":1,""dynamicPrice"":0,""total"":0},{""productId"":""9e329163-d239-4859-b714-110d537f3f52"",""productName"":""PLANTFEED - BOX(4)"",""quantity"":1,""dynamicPrice"":0,""total"":0},{""productId"":""f0bd429e-2608-4a98-b4d3-6c8e1b22ceb9"",""productName"":""OVERALL - PC"",""quantity"":9248,""dynamicPrice"":0,""total"":0}]","0","Pending","[]","2026-02-22T17:38:29.693Z","2026","false","2026-02-22T17:38:29.693Z","2026-02-22T17:38:29.693Z"
"a36e875c-4e04-45b6-b437-a6e584917f69","1e9744d4-870b-45a4-a08b-c9e4e90bd888","a6d9df34-5f2d-4869-8cd6-395d8392814a","[{""productId"":""1f9cf856-1826-4955-b4ac-c5998650f73d"",""productName"":""AcetaStar -Adama (1Lt) - Box (12pcs)"",""quantity"":6,""dynamicPrice"":0,""total"":0},{""productId"":""9e329163-d239-4859-b714-110d537f3f52"",""productName"":""PLANTFEED - BOX(4)"",""quantity"":1,""dynamicPrice"":0,""total"":0},{""productId"":""f0bd429e-2608-4a98-b4d3-6c8e1b22ceb9"",""productName"":""OVERALL - PC"",""quantity"":7862,""dynamicPrice"":0,""total"":0}]","0","Pending","[]","2026-02-22T17:38:29.693Z","2026","false","2026-02-22T17:38:29.693Z","2026-02-22T17:38:29.693Z"
"93bb9d76-bd18-4084-8357-ea1d2bd2438d","1e9744d4-870b-45a4-a08b-c9e4e90bd888","ebfbb362-36ef-452b-9cc1-12f97260b44d","[{""productId"":""a803bf5b-2a24-4c9c-84de-39576d09c91a"",""productName"":""AcetaStar -Adama (1Lt) - PCs"",""quantity"":1,""dynamicPrice"":0,""total"":0},{""productId"":""f0bd429e-2608-4a98-b4d3-6c8e1b22ceb9"",""productName"":""OVERALL - PC"",""quantity"":2448,""dynamicPrice"":0,""total"":0}]","0","Pending","[]","2026-02-22T17:38:29.693Z","2026","false","2026-02-22T17:38:29.693Z","2026-02-22T17:38:29.693Z"
"f7058ffd-1199-4362-94b5-6f69fcfb89a0","1e9744d4-870b-45a4-a08b-c9e4e90bd888","ebfbb362-36ef-452b-9cc1-12f97260b44d","[{""productId"":""1f9cf856-1826-4955-b4ac-c5998650f73d"",""productName"":""AcetaStar -Adama (1Lt) - Box (12pcs)"",""quantity"":3,""dynamicPrice"":0,""total"":0},{""productId"":""a1405336-2f2e-4bcc-8417-d7e01175e79a"",""productName"":""Agyenkwa Liquid Fertilizer  (5Lt) - PCs"",""quantity"":2,""dynamicPrice"":0,""total"":0},{""productId"":""f0bd429e-2608-4a98-b4d3-6c8e1b22ceb9"",""productName"":""OVERALL - PC"",""quantity"":3115,""dynamicPrice"":0,""total"":0}]","0","Pending","[]","2026-02-22T17:38:29.693Z","2026","false","2026-02-22T17:38:29.693Z","2026-02-22T17:38:29.693Z"
"02ccb395-9291-4773-9de6-330470b36357","1e9744d4-870b-45a4-a08b-c9e4e90bd888","ebfbb362-36ef-452b-9cc1-12f97260b44d","[{""productId"":""a803bf5b-2a24-4c9c-84de-39576d09c91a"",""productName"":""AcetaStar -Adama (1Lt) - PCs"",""quantity"":1,""dynamicPrice"":0,""total"":0},{""productId"":""f0bd429e-2608-4a98-b4d3-6c8e1b22ceb9"",""productName"":""OVERALL - PC"",""quantity"":2448,""dynamicPrice"":0,""total"":0}]","0","Pending","[]","2026-02-22T17:38:29.693Z","2026","false","2026-02-22T17:38:29.693Z","2026-02-22T17:38:29.693Z"
"c362a8a3-01a7-41d4-8cea-9a5bbc640fba","1e9744d4-870b-45a4-a08b-c9e4e90bd888","ebfbb362-36ef-452b-9cc1-12f97260b44d","[{""productId"":""1f9cf856-1826-4955-b4ac-c5998650f73d"",""productName"":""AcetaStar -Adama (1Lt) - Box (12pcs)"",""quantity"":2,""dynamicPrice"":0,""total"":0},{""productId"":""178054f4-2d4c-4a48-9f2c-8c4591f93b72"",""productName"":""NODOX - PCs"",""quantity"":2,""dynamicPrice"":0,""total"":0},{""productId"":""f0bd429e-2608-4a98-b4d3-6c8e1b22ceb9"",""productName"":""OVERALL - PC"",""quantity"":490,""dynamicPrice"":0,""total"":0}]","0","Pending","[]","2026-02-22T17:38:29.693Z","2026","false","2026-02-22T17:38:29.693Z","2026-02-22T17:38:29.693Z"
"abb4cced-eb8f-4f62-88ab-d1da101451b2","1e9744d4-870b-45a4-a08b-c9e4e90bd888","ebfbb362-36ef-452b-9cc1-12f97260b44d","[{""productId"":""1f9cf856-1826-4955-b4ac-c5998650f73d"",""productName"":""AcetaStar -Adama (1Lt) - Box (12pcs)"",""quantity"":3,""dynamicPrice"":0,""total"":0},{""productId"":""9e329163-d239-4859-b714-110d537f3f52"",""productName"":""PLANTFEED - BOX(4)"",""quantity"":1,""dynamicPrice"":0,""total"":0},{""productId"":""f0bd429e-2608-4a98-b4d3-6c8e1b22ceb9"",""productName"":""OVERALL - PC"",""quantity"":7739,""dynamicPrice"":0,""total"":0}]","0","Pending","[]","2026-02-22T17:38:29.693Z","2026","false","2026-02-22T17:38:29.693Z","2026-02-22T17:38:29.693Z"
"9d0640ab-6e52-4129-8af2-dfd650007c53","1e9744d4-870b-45a4-a08b-c9e4e90bd888","ebfbb362-36ef-452b-9cc1-12f97260b44d","[{""productId"":""9e329163-d239-4859-b714-110d537f3f52"",""productName"":""PLANTFEED - BOX(4)"",""quantity"":1,""dynamicPrice"":0,""total"":0},{""productId"":""f0bd429e-2608-4a98-b4d3-6c8e1b22ceb9"",""productName"":""OVERALL - PC"",""quantity"":6800,""dynamicPrice"":0,""total"":0}]","0","Pending","[]","2026-02-22T17:38:29.693Z","2026","false","2026-02-22T17:38:29.693Z","2026-02-22T17:38:29.693Z"
"01d1b575-0fef-4dcd-83ab-df2ab3ee0adf","1e9744d4-870b-45a4-a08b-c9e4e90bd888","ebfbb362-36ef-452b-9cc1-12f97260b44d","[{""productId"":""9e329163-d239-4859-b714-110d537f3f52"",""productName"":""PLANTFEED - BOX(4)"",""quantity"":1,""dynamicPrice"":0,""total"":0},{""productId"":""f0bd429e-2608-4a98-b4d3-6c8e1b22ceb9"",""productName"":""OVERALL - PC"",""quantity"":6800,""dynamicPrice"":0,""total"":0}]","0","Pending","[]","2026-02-22T17:38:29.693Z","2026","false","2026-02-22T17:38:29.693Z","2026-02-22T17:38:29.693Z"
"56d98663-946c-437f-9133-83459c459f6c","1e9744d4-870b-45a4-a08b-c9e4e90bd888","ebfbb362-36ef-452b-9cc1-12f97260b44d","[{""productId"":""9e329163-d239-4859-b714-110d537f3f52"",""productName"":""PLANTFEED - BOX(4)"",""quantity"":1,""dynamicPrice"":0,""total"":0},{""productId"":""f138abdd-0c9c-4336-997f-498747229ea8"",""productName"":""ALL GRAMO - BOX(12)"",""quantity"":1,""dynamicPrice"":0,""total"":0},{""productId"":""f0bd429e-2608-4a98-b4d3-6c8e1b22ceb9"",""productName"":""OVERALL - PC"",""quantity"":8704,""dynamicPrice"":0,""total"":0}]","0","Pending","[]","2026-02-22T17:38:29.693Z","2026","false","2026-02-22T17:38:29.693Z","2026-02-22T17:38:29.693Z"
"20121a73-5817-45ea-955e-3d3f941edd02","1e9744d4-870b-45a4-a08b-c9e4e90bd888","ebfbb362-36ef-452b-9cc1-12f97260b44d","[{""productId"":""9e329163-d239-4859-b714-110d537f3f52"",""productName"":""PLANTFEED - BOX(4)"",""quantity"":1,""dynamicPrice"":0,""total"":0},{""productId"":""f0bd429e-2608-4a98-b4d3-6c8e1b22ceb9"",""productName"":""OVERALL - PC"",""quantity"":6800,""dynamicPrice"":0,""total"":0}]","0","Pending","[]","2026-02-22T17:38:29.693Z","2026","false","2026-02-22T17:38:29.693Z","2026-02-22T17:38:29.693Z"
"36a44ad3-eb34-4afc-86e7-3b6746c9b132","1e9744d4-870b-45a4-a08b-c9e4e90bd888","ebfbb362-36ef-452b-9cc1-12f97260b44d","[{""productId"":""9e329163-d239-4859-b714-110d537f3f52"",""productName"":""PLANTFEED - BOX(4)"",""quantity"":1,""dynamicPrice"":0,""total"":0},{""productId"":""f0bd429e-2608-4a98-b4d3-6c8e1b22ceb9"",""productName"":""OVERALL - PC"",""quantity"":6800,""dynamicPrice"":0,""total"":0}]","0","Pending","[]","2026-02-22T17:38:29.693Z","2026","false","2026-02-22T17:38:29.693Z","2026-02-22T17:38:29.693Z"
"2879d403-285d-46d8-a11a-3a9bbc9c175f","1e9744d4-870b-45a4-a08b-c9e4e90bd888","ebfbb362-36ef-452b-9cc1-12f97260b44d","[{""productId"":""9e329163-d239-4859-b714-110d537f3f52"",""productName"":""PLANTFEED - BOX(4)"",""quantity"":1,""dynamicPrice"":0,""total"":0},{""productId"":""f0bd429e-2608-4a98-b4d3-6c8e1b22ceb9"",""productName"":""OVERALL - PC"",""quantity"":6800,""dynamicPrice"":0,""total"":0}]","0","Pending","[]","2026-02-22T17:38:29.693Z","2026","false","2026-02-22T17:38:29.693Z","2026-02-22T17:38:29.693Z"
"ff78ccde-2a0d-45eb-be37-6b0c065a3d63","1e9744d4-870b-45a4-a08b-c9e4e90bd888","ebfbb362-36ef-452b-9cc1-12f97260b44d","[{""productId"":""9e329163-d239-4859-b714-110d537f3f52"",""productName"":""PLANTFEED - BOX(4)"",""quantity"":1,""dynamicPrice"":0,""total"":0},{""productId"":""f0bd429e-2608-4a98-b4d3-6c8e1b22ceb9"",""productName"":""OVERALL - PC"",""quantity"":6800,""dynamicPrice"":0,""total"":0}]","0","Pending","[]","2026-02-22T17:38:29.693Z","2026","false","2026-02-22T17:38:29.693Z","2026-02-22T17:38:29.693Z"
"048bf1b7-166b-4cc1-b8d2-7e55e000a7c3","1e9744d4-870b-45a4-a08b-c9e4e90bd888","ebfbb362-36ef-452b-9cc1-12f97260b44d","[{""productId"":""9e329163-d239-4859-b714-110d537f3f52"",""productName"":""PLANTFEED - BOX(4)"",""quantity"":1,""dynamicPrice"":0,""total"":0},{""productId"":""f0bd429e-2608-4a98-b4d3-6c8e1b22ceb9"",""productName"":""OVERALL - PC"",""quantity"":6800,""dynamicPrice"":0,""total"":0}]","0","Pending","[]","2026-02-22T17:38:29.693Z","2026","false","2026-02-22T17:38:29.693Z","2026-02-22T17:38:29.693Z"
"c0a90c3b-b732-4382-bd38-d4342e02c61e","bcf692f0-4e93-4a9f-8b74-5cc13c8a8a81","8f145d11-32b5-46dc-9640-3b18b07b83d8","[{""productId"":""a803bf5b-2a24-4c9c-84de-39576d09c91a"",""productName"":""AcetaStar -Adama (1Lt) - PCs"",""quantity"":3,""dynamicPrice"":0,""total"":0},{""productId"":""9e329163-d239-4859-b714-110d537f3f52"",""productName"":""PLANTFEED - BOX(4)"",""quantity"":1,""dynamicPrice"":0,""total"":0},{""productId"":""38f3e540-da4d-4736-a2d1-dbe4b5d12197"",""productName"":""All Wedicides (Glyphosate) - PCS"",""quantity"":1,""dynamicPrice"":0,""total"":0},{""productId"":""f0bd429e-2608-4a98-b4d3-6c8e1b22ceb9"",""productName"":""OVERALL - PC"",""quantity"":15044,""dynamicPrice"":0,""total"":0}]","15044","Pending","[{""id"":""6ecb003c-2638-4b70-9564-8f520c1935d7"",""amount"":4513.2,""date"":""2026-02-22T17:38:29.693Z"",""monthOfPayment"":""OCT""},{""id"":""520d9026-cb47-4984-bec3-0be93391c747"",""amount"":4513.2,""date"":""2026-02-22T17:38:29.693Z"",""monthOfPayment"":""NOV""},{""id"":""f0cd4165-1146-4dda-a77b-9f6422b2335a"",""amount"":4513.2,""date"":""2026-02-22T17:38:29.693Z"",""monthOfPayment"":""DEC""}]","2026-02-22T17:38:29.693Z","2026","false","2026-02-22T17:38:29.693Z","2026-02-22T17:38:29.693Z"
"0aee3fe8-c6d9-4501-9cad-1c41bb63b3dd","13a4f18f-8624-4e49-95d0-2a64c71f4e1a","8f145d11-32b5-46dc-9640-3b18b07b83d8","[{""productId"":""9e329163-d239-4859-b714-110d537f3f52"",""productName"":""PLANTFEED - BOX(4)"",""quantity"":1,""dynamicPrice"":0,""total"":0},{""productId"":""f0bd429e-2608-4a98-b4d3-6c8e1b22ceb9"",""productName"":""OVERALL - PC"",""quantity"":6800,""dynamicPrice"":0,""total"":0}]","6800","Pending","[{""id"":""ee286973-8cdc-45c0-836f-1e2b62f8ff42"",""amount"":2040,""date"":""2026-02-22T17:38:29.693Z"",""monthOfPayment"":""OCT""},{""id"":""ee4bf10e-f7aa-475f-94b9-fdd667e67afb"",""amount"":2040,""date"":""2026-02-22T17:38:29.693Z"",""monthOfPayment"":""NOV""},{""id"":""1bb95d7f-8b36-4078-b5fc-1bae05559716"",""amount"":2040,""date"":""2026-02-22T17:38:29.693Z"",""monthOfPayment"":""DEC""}]","2026-02-22T17:38:29.693Z","2026","false","2026-02-22T17:38:29.693Z","2026-02-22T17:38:29.693Z"
"b4b790af-c1f3-44b0-9220-39ee46258018","941a19a5-9ce0-473f-ac4b-9aeb1fa72339","8f145d11-32b5-46dc-9640-3b18b07b83d8","[{""productId"":""9e329163-d239-4859-b714-110d537f3f52"",""productName"":""PLANTFEED - BOX(4)"",""quantity"":1,""dynamicPrice"":0,""total"":0},{""productId"":""9a8d8efa-31a1-4cda-8e82-19b3fb773244"",""productName"":""STANDARD PRUNNER - PC"",""quantity"":1,""dynamicPrice"":0,""total"":0},{""productId"":""f0bd429e-2608-4a98-b4d3-6c8e1b22ceb9"",""productName"":""OVERALL - PC"",""quantity"":6922,""dynamicPrice"":0,""total"":0}]","6922","Pending","[{""id"":""36cafa85-14c7-4882-ac6c-4b64112f132b"",""amount"":2076.6,""date"":""2026-02-22T17:38:29.693Z"",""monthOfPayment"":""OCT""},{""id"":""48609031-6a35-4798-a550-268463ac23ca"",""amount"":2076.6,""date"":""2026-02-22T17:38:29.693Z"",""monthOfPayment"":""NOV""},{""id"":""7a7bac80-4a8d-4e66-b06f-c2ecbb423c7a"",""amount"":2076.6,""date"":""2026-02-22T17:38:29.693Z"",""monthOfPayment"":""DEC""}]","2026-02-22T17:38:29.693Z","2026","false","2026-02-22T17:38:29.693Z","2026-02-22T17:38:29.693Z"
"332ec2f3-7793-4dcb-bc72-e7050d3139ba","ddd2d371-8fc8-40ee-ab63-12a2465257df","8f145d11-32b5-46dc-9640-3b18b07b83d8","[{""productId"":""e5a59040-f530-4a7f-b5a2-89afa657c929"",""productName"":""Galil - PCs"",""quantity"":1,""dynamicPrice"":0,""total"":0},{""productId"":""f534e814-4c46-4b67-a6b1-1b538358871c"",""productName"":""Galil - Box"",""quantity"":1,""dynamicPrice"":0,""total"":0},{""productId"":""f0bd429e-2608-4a98-b4d3-6c8e1b22ceb9"",""productName"":""OVERALL - PC"",""quantity"":8700,""dynamicPrice"":0,""total"":0}]","8700","Pending","[{""id"":""dcdbb153-1246-4c54-9d90-06db4294211a"",""amount"":2610,""date"":""2026-02-22T17:38:29.693Z"",""monthOfPayment"":""OCT""},{""id"":""7a98464f-482c-46c0-a062-e3e9e300b815"",""amount"":2610,""date"":""2026-02-22T17:38:29.693Z"",""monthOfPayment"":""NOV""},{""id"":""6d01d5d7-82a8-4fc4-846c-0573da10469d"",""amount"":2610,""date"":""2026-02-22T17:38:29.693Z"",""monthOfPayment"":""DEC""}]","2026-02-22T17:38:29.693Z","2026","false","2026-02-22T17:38:29.693Z","2026-02-22T17:38:29.693Z"
"45b79759-8ed6-4ac0-889b-744928148651","0d96398c-1edd-4ace-9c3b-2d1fe0b7a6eb","8f145d11-32b5-46dc-9640-3b18b07b83d8","[{""productId"":""a803bf5b-2a24-4c9c-84de-39576d09c91a"",""productName"":""AcetaStar -Adama (1Lt) - PCs"",""quantity"":2,""dynamicPrice"":0,""total"":0},{""productId"":""385f16c1-3c11-44d6-8ce1-666165b9d3f9"",""productName"":""Agyenkwa Liquid Fertilizer  (5Lt) - Box(4)"",""quantity"":1,""dynamicPrice"":0,""total"":0},{""productId"":""9e329163-d239-4859-b714-110d537f3f52"",""productName"":""PLANTFEED - BOX(4)"",""quantity"":1,""dynamicPrice"":0,""total"":0},{""productId"":""f0bd429e-2608-4a98-b4d3-6c8e1b22ceb9"",""productName"":""OVERALL - PC"",""quantity"":13192,""dynamicPrice"":0,""total"":0}]","13192","Pending","[{""id"":""baaa9c90-3104-46e2-b9d3-a03d460ca832"",""amount"":3957.6,""date"":""2026-02-22T17:38:29.693Z"",""monthOfPayment"":""OCT""},{""id"":""1ad42f1a-2006-4fe9-8584-5422c0f8bfe8"",""amount"":3957.6,""date"":""2026-02-22T17:38:29.693Z"",""monthOfPayment"":""NOV""},{""id"":""5e817278-8ef5-4eb5-ab4f-a1c02b5bfcfc"",""amount"":3957.6,""date"":""2026-02-22T17:38:29.693Z"",""monthOfPayment"":""DEC""}]","2026-02-22T17:38:29.693Z","2026","false","2026-02-22T17:38:29.693Z","2026-02-22T17:38:29.693Z"
"59d82a01-94a9-4d13-992d-48309e37bb33","7408bc18-47f8-413c-bb7e-ccda8b504d17","8f145d11-32b5-46dc-9640-3b18b07b83d8","[{""productId"":""a803bf5b-2a24-4c9c-84de-39576d09c91a"",""productName"":""AcetaStar -Adama (1Lt) - PCs"",""quantity"":1,""dynamicPrice"":0,""total"":0},{""productId"":""385f16c1-3c11-44d6-8ce1-666165b9d3f9"",""productName"":""Agyenkwa Liquid Fertilizer  (5Lt) - Box(4)"",""quantity"":1,""dynamicPrice"":0,""total"":0},{""productId"":""f0bd429e-2608-4a98-b4d3-6c8e1b22ceb9"",""productName"":""OVERALL - PC"",""quantity"":3944,""dynamicPrice"":0,""total"":0}]","3944","Pending","[{""id"":""2ea79f44-b4cd-4c79-b21c-95b6b16cd768"",""amount"":1183.2,""date"":""2026-02-22T17:38:29.693Z"",""monthOfPayment"":""OCT""},{""id"":""70f3d983-b718-4d3c-b8de-0266500ae463"",""amount"":1183.2,""date"":""2026-02-22T17:38:29.693Z"",""monthOfPayment"":""NOV""},{""id"":""0560f11e-e98e-431e-8cda-e75bea7ba6c5"",""amount"":1183.2,""date"":""2026-02-22T17:38:29.693Z"",""monthOfPayment"":""DEC""}]","2026-02-22T17:38:29.693Z","2026","false","2026-02-22T17:38:29.693Z","2026-02-22T17:38:29.693Z"
"935743bf-ef0e-4a9e-b749-579babe3ba3c","68137f64-8a05-4db3-86e6-a490a6efd218","8f145d11-32b5-46dc-9640-3b18b07b83d8","[{""productId"":""a803bf5b-2a24-4c9c-84de-39576d09c91a"",""productName"":""AcetaStar -Adama (1Lt) - PCs"",""quantity"":2,""dynamicPrice"":0,""total"":0},{""productId"":""f0bd429e-2608-4a98-b4d3-6c8e1b22ceb9"",""productName"":""OVERALL - PC"",""quantity"":4896,""dynamicPrice"":0,""total"":0}]","4896","Pending","[{""id"":""f58967db-6a30-4ab3-8fdc-e70d31b10e1c"",""amount"":1468.8,""date"":""2026-02-22T17:38:29.693Z"",""monthOfPayment"":""OCT""},{""id"":""bc95a033-acb9-4d08-a089-d26002364df4"",""amount"":1468.8,""date"":""2026-02-22T17:38:29.693Z"",""monthOfPayment"":""NOV""},{""id"":""ef2a4b66-4b30-4cb3-8c93-7830138357bc"",""amount"":1468.8,""date"":""2026-02-22T17:38:29.693Z"",""monthOfPayment"":""DEC""}]","2026-02-22T17:38:29.693Z","2026","false","2026-02-22T17:38:29.693Z","2026-02-22T17:38:29.693Z"
"c259587c-62f5-46df-a364-2d4a6a3907ad","f833867b-9302-437e-afb0-faee190c3db8","8f145d11-32b5-46dc-9640-3b18b07b83d8","[{""productId"":""a803bf5b-2a24-4c9c-84de-39576d09c91a"",""productName"":""AcetaStar -Adama (1Lt) - PCs"",""quantity"":1,""dynamicPrice"":0,""total"":0},{""productId"":""9e329163-d239-4859-b714-110d537f3f52"",""productName"":""PLANTFEED - BOX(4)"",""quantity"":1,""dynamicPrice"":0,""total"":0},{""productId"":""f0bd429e-2608-4a98-b4d3-6c8e1b22ceb9"",""productName"":""OVERALL - PC"",""quantity"":9248,""dynamicPrice"":0,""total"":0}]","9248","Pending","[{""id"":""1f8bc469-be4e-4c0c-95f6-fc7d1903a722"",""amount"":2774.4,""date"":""2026-02-22T17:38:29.693Z"",""monthOfPayment"":""OCT""},{""id"":""4011729f-b63f-470d-9b84-a1b43b77b3bd"",""amount"":2774.4,""date"":""2026-02-22T17:38:29.693Z"",""monthOfPayment"":""NOV""},{""id"":""d2304f95-41f2-47eb-9ef2-8e30e51028fa"",""amount"":2774.4,""date"":""2026-02-22T17:38:29.693Z"",""monthOfPayment"":""DEC""}]","2026-02-22T17:38:29.693Z","2026","false","2026-02-22T17:38:29.693Z","2026-02-22T17:38:29.693Z"
"c8db9132-d132-4b06-a9b4-3930e17474aa","a9d6f969-fa54-4af6-b541-c57638c6a958","8f145d11-32b5-46dc-9640-3b18b07b83d8","[{""productId"":""8ba123ee-8e9c-4656-8b61-117a6cf879b5"",""productName"":""ALL GRAMO - PCS"",""quantity"":1,""dynamicPrice"":0,""total"":0},{""productId"":""f0bd429e-2608-4a98-b4d3-6c8e1b22ceb9"",""productName"":""OVERALL - PC"",""quantity"":1848,""dynamicPrice"":0,""total"":0}]","1848","Pending","[{""id"":""9c543487-363e-4b2f-b462-4449bbd60f3a"",""amount"":554.4,""date"":""2026-02-22T17:38:29.693Z"",""monthOfPayment"":""OCT""},{""id"":""12782ec5-ca1c-4833-9dcf-5ebd0bed0498"",""amount"":554.4,""date"":""2026-02-22T17:38:29.693Z"",""monthOfPayment"":""NOV""},{""id"":""ce21ad4a-501e-4eb7-a3e6-82da26ea02c5"",""amount"":554.4,""date"":""2026-02-22T17:38:29.693Z"",""monthOfPayment"":""DEC""}]","2026-02-22T17:38:29.693Z","2026","false","2026-02-22T17:38:29.693Z","2026-02-22T17:38:29.693Z"
"2e0a71b2-5b18-4e11-a2d4-4142f4c39346","f879b3c5-0c61-4ed3-973e-f603b6cb318d","8f145d11-32b5-46dc-9640-3b18b07b83d8","[{""productId"":""9e329163-d239-4859-b714-110d537f3f52"",""productName"":""PLANTFEED - BOX(4)"",""quantity"":1,""dynamicPrice"":0,""total"":0},{""productId"":""f0bd429e-2608-4a98-b4d3-6c8e1b22ceb9"",""productName"":""OVERALL - PC"",""quantity"":6800,""dynamicPrice"":0,""total"":0}]","6800","Pending","[{""id"":""b6b79a3c-09f3-4d30-800a-3f387e2f432a"",""amount"":2040,""date"":""2026-02-22T17:38:29.693Z"",""monthOfPayment"":""OCT""},{""id"":""a6d2b9ef-5ef6-448e-930d-b9f1f89e9e69"",""amount"":2040,""date"":""2026-02-22T17:38:29.693Z"",""monthOfPayment"":""NOV""},{""id"":""7f5624ae-91d5-45e7-a313-1a02e4b7029e"",""amount"":2040,""date"":""2026-02-22T17:38:29.693Z"",""monthOfPayment"":""DEC""}]","2026-02-22T17:38:29.693Z","2026","false","2026-02-22T17:38:29.693Z","2026-02-22T17:38:29.693Z"
"96774187-0b76-4e8f-82b4-0c527fc12b8f","6ce582a7-898f-4c8a-8220-3eccc624b100","8f145d11-32b5-46dc-9640-3b18b07b83d8","[{""productId"":""9e329163-d239-4859-b714-110d537f3f52"",""productName"":""PLANTFEED - BOX(4)"",""quantity"":1,""dynamicPrice"":0,""total"":0},{""productId"":""f0bd429e-2608-4a98-b4d3-6c8e1b22ceb9"",""productName"":""OVERALL - PC"",""quantity"":6800,""dynamicPrice"":0,""total"":0}]","6800","Pending","[{""id"":""74ab4c9e-13b5-49da-b1c9-5ce12f99f882"",""amount"":2040,""date"":""2026-02-22T17:38:29.693Z"",""monthOfPayment"":""OCT""},{""id"":""4a7ce135-0b00-4f7d-9942-892c32a2a6c0"",""amount"":2040,""date"":""2026-02-22T17:38:29.693Z"",""monthOfPayment"":""NOV""},{""id"":""2ef5d443-093a-49d6-a52c-ac5c17102c8f"",""amount"":2040,""date"":""2026-02-22T17:38:29.693Z"",""monthOfPayment"":""DEC""}]","2026-02-22T17:38:29.693Z","2026","false","2026-02-22T17:38:29.693Z","2026-02-22T17:38:29.693Z"
"4cb807cf-ba1e-486a-a408-9fff32a1361d","abfc170b-aba8-4fc1-999d-6cf70c8fe2c0","8f145d11-32b5-46dc-9640-3b18b07b83d8","[{""productId"":""8ba123ee-8e9c-4656-8b61-117a6cf879b5"",""productName"":""ALL GRAMO - PCS"",""quantity"":1,""dynamicPrice"":0,""total"":0},{""productId"":""f0bd429e-2608-4a98-b4d3-6c8e1b22ceb9"",""productName"":""OVERALL - PC"",""quantity"":1848,""dynamicPrice"":0,""total"":0}]","1848","Pending","[{""id"":""b3e8bf66-7ee3-4825-be55-f0cacb2c71b4"",""amount"":554.4,""date"":""2026-02-22T17:38:29.693Z"",""monthOfPayment"":""OCT""},{""id"":""5051056a-d28a-48df-b1ea-92bd82d59bd2"",""amount"":554.4,""date"":""2026-02-22T17:38:29.693Z"",""monthOfPayment"":""NOV""},{""id"":""1fef962a-1ac0-46ec-a1fc-86e8accc4cf3"",""amount"":554.4,""date"":""2026-02-22T17:38:29.693Z"",""monthOfPayment"":""DEC""}]","2026-02-22T17:38:29.693Z","2026","false","2026-02-22T17:38:29.693Z","2026-02-22T17:38:29.693Z"
"3ef4d241-c76e-4a20-a2c3-f1be4a1a92ff","9f176d98-4bc6-4d24-b7a4-d26805522875","8f145d11-32b5-46dc-9640-3b18b07b83d8","[{""productId"":""a1405336-2f2e-4bcc-8417-d7e01175e79a"",""productName"":""Agyenkwa Liquid Fertilizer  (5Lt) - PCs"",""quantity"":1,""dynamicPrice"":0,""total"":0},{""productId"":""385f16c1-3c11-44d6-8ce1-666165b9d3f9"",""productName"":""Agyenkwa Liquid Fertilizer  (5Lt) - Box(4)"",""quantity"":1,""dynamicPrice"":0,""total"":0},{""productId"":""38f3e540-da4d-4736-a2d1-dbe4b5d12197"",""productName"":""All Wedicides (Glyphosate) - PCS"",""quantity"":1,""dynamicPrice"":0,""total"":0},{""productId"":""f0bd429e-2608-4a98-b4d3-6c8e1b22ceb9"",""productName"":""OVERALL - PC"",""quantity"":3484,""dynamicPrice"":0,""total"":0}]","3484","Pending","[{""id"":""112b5043-9e53-4de0-96f1-21a8ee306846"",""amount"":1045.2,""date"":""2026-02-22T17:38:29.693Z"",""monthOfPayment"":""OCT""},{""id"":""9f7282dc-3d0e-4866-828a-42b93f8e9e52"",""amount"":1045.2,""date"":""2026-02-22T17:38:29.693Z"",""monthOfPayment"":""NOV""},{""id"":""b3e3275b-7657-4a6e-a33b-c01b1e7a8bdb"",""amount"":1045.2,""date"":""2026-02-22T17:38:29.693Z"",""monthOfPayment"":""DEC""}]","2026-02-22T17:38:29.693Z","2026","false","2026-02-22T17:38:29.693Z","2026-02-22T17:38:29.693Z"
"72a220b7-4a19-42e0-8ca7-2b3591268d33","686deaab-601b-4b50-b46e-d172e5bcd252","8f145d11-32b5-46dc-9640-3b18b07b83d8","[{""productId"":""a803bf5b-2a24-4c9c-84de-39576d09c91a"",""productName"":""AcetaStar -Adama (1Lt) - PCs"",""quantity"":1,""dynamicPrice"":0,""total"":0},{""productId"":""9e329163-d239-4859-b714-110d537f3f52"",""productName"":""PLANTFEED - BOX(4)"",""quantity"":1,""dynamicPrice"":0,""total"":0},{""productId"":""f0bd429e-2608-4a98-b4d3-6c8e1b22ceb9"",""productName"":""OVERALL - PC"",""quantity"":9248,""dynamicPrice"":0,""total"":0}]","9248","Pending","[{""id"":""af7ae5be-9fe6-426d-9245-825366156321"",""amount"":2774.4,""date"":""2026-02-22T17:38:29.693Z"",""monthOfPayment"":""OCT""},{""id"":""ac7c3677-df2a-47ac-a43d-f26f7499ec5c"",""amount"":2774.4,""date"":""2026-02-22T17:38:29.693Z"",""monthOfPayment"":""NOV""},{""id"":""c9d80e37-41b6-48fd-9df5-1290427361b2"",""amount"":2774.4,""date"":""2026-02-22T17:38:29.693Z"",""monthOfPayment"":""DEC""}]","2026-02-22T17:38:29.693Z","2026","false","2026-02-22T17:38:29.693Z","2026-02-22T17:38:29.693Z"
"ec5f5e99-4b0b-4fb8-8827-e9c0113d5527","49e71b43-79e6-4f1d-bc7f-37fccb2391b0","8f145d11-32b5-46dc-9640-3b18b07b83d8","[{""productId"":""9e329163-d239-4859-b714-110d537f3f52"",""productName"":""PLANTFEED - BOX(4)"",""quantity"":1,""dynamicPrice"":0,""total"":0},{""productId"":""8ba123ee-8e9c-4656-8b61-117a6cf879b5"",""productName"":""ALL GRAMO - PCS"",""quantity"":1,""dynamicPrice"":0,""total"":0},{""productId"":""f0bd429e-2608-4a98-b4d3-6c8e1b22ceb9"",""productName"":""OVERALL - PC"",""quantity"":7424,""dynamicPrice"":0,""total"":0}]","7424","Pending","[{""id"":""1b894b0e-604e-43df-b084-4049cdbc61d3"",""amount"":2227.2,""date"":""2026-02-22T17:38:29.693Z"",""monthOfPayment"":""OCT""},{""id"":""a222cb43-40ed-4f92-b61d-aec6bd3362e0"",""amount"":2227.2,""date"":""2026-02-22T17:38:29.693Z"",""monthOfPayment"":""NOV""},{""id"":""46e2bdbf-1f28-4480-8bd4-5fd47ec7453d"",""amount"":2227.2,""date"":""2026-02-22T17:38:29.693Z"",""monthOfPayment"":""DEC""}]","2026-02-22T17:38:29.693Z","2026","false","2026-02-22T17:38:29.693Z","2026-02-22T17:38:29.693Z"
"73e0809e-9599-4b37-a078-d74b676542aa","8b353b8b-d1bf-435a-ba29-8729c53f01ce","8f145d11-32b5-46dc-9640-3b18b07b83d8","[{""productId"":""e5a59040-f530-4a7f-b5a2-89afa657c929"",""productName"":""Galil - PCs"",""quantity"":1,""dynamicPrice"":0,""total"":0},{""productId"":""9e329163-d239-4859-b714-110d537f3f52"",""productName"":""PLANTFEED - BOX(4)"",""quantity"":1,""dynamicPrice"":0,""total"":0},{""productId"":""f0bd429e-2608-4a98-b4d3-6c8e1b22ceb9"",""productName"":""OVERALL - PC"",""quantity"":15296,""dynamicPrice"":0,""total"":0}]","15296","Pending","[{""id"":""cf8a508c-fec9-4109-9293-7f2a93f96fd0"",""amount"":4588.8,""date"":""2026-02-22T17:38:29.693Z"",""monthOfPayment"":""OCT""},{""id"":""214bc744-0d58-45e8-a15d-51738700669a"",""amount"":4588.8,""date"":""2026-02-22T17:38:29.693Z"",""monthOfPayment"":""NOV""},{""id"":""c3538456-7ab1-40cc-b78d-72653f6349e9"",""amount"":4588.8,""date"":""2026-02-22T17:38:29.693Z"",""monthOfPayment"":""DEC""}]","2026-02-22T17:38:29.693Z","2026","false","2026-02-22T17:38:29.693Z","2026-02-22T17:38:29.693Z"
"0eabb38c-e0e9-4c9b-824d-27af2eb9e176","38566d35-ad1d-47d5-b25d-5cec9febc984","8f145d11-32b5-46dc-9640-3b18b07b83d8","[{""productId"":""0e80e4eb-78f8-4920-b3b8-566f6fcef3a3"",""productName"":""BEGREEN - BOX(6)"",""quantity"":2,""dynamicPrice"":0,""total"":0},{""productId"":""b540b018-17fd-448c-8138-fd2ac19adb7f"",""productName"":""Solo Machine - PCs"",""quantity"":4,""dynamicPrice"":0,""total"":0},{""productId"":""f0bd429e-2608-4a98-b4d3-6c8e1b22ceb9"",""productName"":""OVERALL - PC"",""quantity"":1660,""dynamicPrice"":0,""total"":0}]","1660","Pending","[{""id"":""4fc3976f-085e-4943-918f-ee47f64dbd45"",""amount"":498,""date"":""2026-02-22T17:38:29.693Z"",""monthOfPayment"":""OCT""},{""id"":""87073d50-b60f-4080-aaa9-1280b049a992"",""amount"":498,""date"":""2026-02-22T17:38:29.693Z"",""monthOfPayment"":""NOV""},{""id"":""933c3eda-dfd0-4de2-92e8-6dccc75198db"",""amount"":498,""date"":""2026-02-22T17:38:29.693Z"",""monthOfPayment"":""DEC""}]","2026-02-22T17:38:29.693Z","2026","false","2026-02-22T17:38:29.693Z","2026-02-22T17:38:29.693Z"
"c5513b7f-f326-430f-a00d-34b9214fbd49","d1918ea7-b52b-410e-8f68-537075b55531","8f145d11-32b5-46dc-9640-3b18b07b83d8","[{""productId"":""9e329163-d239-4859-b714-110d537f3f52"",""productName"":""PLANTFEED - BOX(4)"",""quantity"":1,""dynamicPrice"":0,""total"":0},{""productId"":""f0bd429e-2608-4a98-b4d3-6c8e1b22ceb9"",""productName"":""OVERALL - PC"",""quantity"":6800,""dynamicPrice"":0,""total"":0}]","6800","Pending","[{""id"":""3876bbba-ce63-41f5-a540-ba3000742c97"",""amount"":2040,""date"":""2026-02-22T17:38:29.693Z"",""monthOfPayment"":""OCT""},{""id"":""1dd3dcf2-951a-4374-92e2-5b5aeae47d99"",""amount"":2040,""date"":""2026-02-22T17:38:29.693Z"",""monthOfPayment"":""NOV""},{""id"":""44294c49-1066-4fdd-91a3-b7dd928afc36"",""amount"":2040,""date"":""2026-02-22T17:38:29.693Z"",""monthOfPayment"":""DEC""}]","2026-02-22T17:38:29.693Z","2026","false","2026-02-22T17:38:29.693Z","2026-02-22T17:38:29.693Z"
"6deb0570-55f5-44c8-9fd5-6b3da7d8fbc9","5612fe2d-2ee5-406c-b85b-e429c892bdb7","8f145d11-32b5-46dc-9640-3b18b07b83d8","[{""productId"":""9e329163-d239-4859-b714-110d537f3f52"",""productName"":""PLANTFEED - BOX(4)"",""quantity"":1,""dynamicPrice"":0,""total"":0},{""productId"":""b540b018-17fd-448c-8138-fd2ac19adb7f"",""productName"":""Solo Machine - PCs"",""quantity"":4,""dynamicPrice"":0,""total"":0},{""productId"":""f0bd429e-2608-4a98-b4d3-6c8e1b22ceb9"",""productName"":""OVERALL - PC"",""quantity"":7916,""dynamicPrice"":0,""total"":0}]","7916","Pending","[{""id"":""26aa9b03-f454-4c13-a159-f6916bfffce4"",""amount"":2374.8,""date"":""2026-02-22T17:38:29.693Z"",""monthOfPayment"":""OCT""},{""id"":""a4ffb88e-1e34-469e-ad81-0426d0065231"",""amount"":2374.8,""date"":""2026-02-22T17:38:29.693Z"",""monthOfPayment"":""NOV""},{""id"":""32c71aa8-f303-4d37-a4da-b93bfb642425"",""amount"":2374.8,""date"":""2026-02-22T17:38:29.693Z"",""monthOfPayment"":""DEC""}]","2026-02-22T17:38:29.693Z","2026","false","2026-02-22T17:38:29.693Z","2026-02-22T17:38:29.693Z"
"547be85c-d5dd-441b-a290-32856fee1142","67619d12-d739-4c1a-9bf2-32d4f87e6753","8f145d11-32b5-46dc-9640-3b18b07b83d8","[{""productId"":""9e329163-d239-4859-b714-110d537f3f52"",""productName"":""PLANTFEED - BOX(4)"",""quantity"":1,""dynamicPrice"":0,""total"":0},{""productId"":""f0bd429e-2608-4a98-b4d3-6c8e1b22ceb9"",""productName"":""OVERALL - PC"",""quantity"":7616,""dynamicPrice"":0,""total"":0}]","7616","Pending","[{""id"":""7ad1b810-4a75-4798-b2f6-f23ec694cbb4"",""amount"":2284.8,""date"":""2026-02-22T17:38:29.693Z"",""monthOfPayment"":""OCT""},{""id"":""8db8a3fd-b827-46ce-8f01-cca5ba131750"",""amount"":2284.8,""date"":""2026-02-22T17:38:29.693Z"",""monthOfPayment"":""NOV""},{""id"":""6ac177c9-2b6f-4f54-85df-198f896c2a38"",""amount"":2284.8,""date"":""2026-02-22T17:38:29.693Z"",""monthOfPayment"":""DEC""}]","2026-02-22T17:38:29.693Z","2026","false","2026-02-22T17:38:29.693Z","2026-02-22T17:38:29.693Z"
"3175bf23-4c1a-4b99-81c8-6d44209a97e5","282baf3c-1d46-4d30-88dc-ceae28e60de0","8f145d11-32b5-46dc-9640-3b18b07b83d8","[{""productId"":""e06738f9-78ac-43ff-bae1-7907fca1f19e"",""productName"":""AKATE BRAFO - Box"",""quantity"":6,""dynamicPrice"":0,""total"":0},{""productId"":""f0bd429e-2608-4a98-b4d3-6c8e1b22ceb9"",""productName"":""OVERALL - PC"",""quantity"":2286,""dynamicPrice"":0,""total"":0}]","2286","Pending","[{""id"":""df295f7f-609c-4f5e-a1c4-aa739843754e"",""amount"":685.8,""date"":""2026-02-22T17:38:29.693Z"",""monthOfPayment"":""OCT""},{""id"":""18a75b9a-cb92-4f07-9693-031a7643481a"",""amount"":685.8,""date"":""2026-02-22T17:38:29.693Z"",""monthOfPayment"":""NOV""},{""id"":""5f8778f8-74d3-4831-8743-725a981f3d8e"",""amount"":685.8,""date"":""2026-02-22T17:38:29.693Z"",""monthOfPayment"":""DEC""}]","2026-02-22T17:38:29.693Z","2026","false","2026-02-22T17:38:29.693Z","2026-02-22T17:38:29.693Z"
"a9f56ac3-e5ad-4451-b7c0-31f302e68336","55ea6a94-ced3-488e-b394-c17aa937b093","8f145d11-32b5-46dc-9640-3b18b07b83d8","[{""productId"":""a803bf5b-2a24-4c9c-84de-39576d09c91a"",""productName"":""AcetaStar -Adama (1Lt) - PCs"",""quantity"":1,""dynamicPrice"":0,""total"":0},{""productId"":""9e329163-d239-4859-b714-110d537f3f52"",""productName"":""PLANTFEED - BOX(4)"",""quantity"":1,""dynamicPrice"":0,""total"":0},{""productId"":""f0bd429e-2608-4a98-b4d3-6c8e1b22ceb9"",""productName"":""OVERALL - PC"",""quantity"":9248,""dynamicPrice"":0,""total"":0}]","9248","Pending","[{""id"":""72fd56cd-feba-4c9d-8e5f-431772e16c49"",""amount"":2774.4,""date"":""2026-02-22T17:38:29.693Z"",""monthOfPayment"":""OCT""},{""id"":""499127df-abda-4b36-9dca-5630f0c90ca2"",""amount"":2774.4,""date"":""2026-02-22T17:38:29.693Z"",""monthOfPayment"":""NOV""},{""id"":""c2601ad1-7343-4f20-ad30-dfd757f81cc0"",""amount"":2774.4,""date"":""2026-02-22T17:38:29.693Z"",""monthOfPayment"":""DEC""}]","2026-02-22T17:38:29.693Z","2026","false","2026-02-22T17:38:29.693Z","2026-02-22T17:38:29.693Z"
"4c42a157-3ca3-4f3b-944c-cb29bfd64fe1","4baea952-0c29-49f5-a6ca-b9380f0c491e","8f145d11-32b5-46dc-9640-3b18b07b83d8","[{""productId"":""9e329163-d239-4859-b714-110d537f3f52"",""productName"":""PLANTFEED - BOX(4)"",""quantity"":1,""dynamicPrice"":0,""total"":0},{""productId"":""f0bd429e-2608-4a98-b4d3-6c8e1b22ceb9"",""productName"":""OVERALL - PC"",""quantity"":6800,""dynamicPrice"":0,""total"":0}]","6800","Pending","[{""id"":""c5af0efb-3132-47ab-a8b8-c033007d9d04"",""amount"":2040,""date"":""2026-02-22T17:38:29.693Z"",""monthOfPayment"":""OCT""},{""id"":""084eecdc-0dd0-48ce-ab43-a6a836e8974a"",""amount"":2040,""date"":""2026-02-22T17:38:29.693Z"",""monthOfPayment"":""NOV""},{""id"":""e25d6892-f41e-4a62-8886-a8d81b603ac8"",""amount"":2040,""date"":""2026-02-22T17:38:29.693Z"",""monthOfPayment"":""DEC""}]","2026-02-22T17:38:29.693Z","2026","false","2026-02-22T17:38:29.693Z","2026-02-22T17:38:29.693Z"
"c0a66bba-d258-4ccb-8d33-6f6cf393163b","2ddd6608-18e9-4e9c-b6b8-9dce1af9fcb9","8f145d11-32b5-46dc-9640-3b18b07b83d8","[{""productId"":""8ba123ee-8e9c-4656-8b61-117a6cf879b5"",""productName"":""ALL GRAMO - PCS"",""quantity"":1,""dynamicPrice"":0,""total"":0},{""productId"":""f0bd429e-2608-4a98-b4d3-6c8e1b22ceb9"",""productName"":""OVERALL - PC"",""quantity"":624,""dynamicPrice"":0,""total"":0}]","624","Pending","[{""id"":""220daae4-8a76-4a71-b43a-b1000e22af90"",""amount"":187.2,""date"":""2026-02-22T17:38:29.693Z"",""monthOfPayment"":""OCT""},{""id"":""f5c926c9-4af8-4b9f-8eae-597e65c64179"",""amount"":187.2,""date"":""2026-02-22T17:38:29.693Z"",""monthOfPayment"":""NOV""},{""id"":""538dcadb-31ee-42e3-8d80-4fa8065b4da1"",""amount"":187.2,""date"":""2026-02-22T17:38:29.693Z"",""monthOfPayment"":""DEC""}]","2026-02-22T17:38:29.693Z","2026","false","2026-02-22T17:38:29.693Z","2026-02-22T17:38:29.693Z"
"8f6c05ed-6336-4fb2-b763-2079ee7a8ad1","3f6f31f9-ef97-4ac2-b897-27750c8ac404","8f145d11-32b5-46dc-9640-3b18b07b83d8","[{""productId"":""f138abdd-0c9c-4336-997f-498747229ea8"",""productName"":""ALL GRAMO - BOX(12)"",""quantity"":1,""dynamicPrice"":0,""total"":0},{""productId"":""f0bd429e-2608-4a98-b4d3-6c8e1b22ceb9"",""productName"":""OVERALL - PC"",""quantity"":1904,""dynamicPrice"":0,""total"":0}]","1904","Pending","[{""id"":""39edbc27-7399-4cc9-a74f-e83570f66929"",""amount"":571.2,""date"":""2026-02-22T17:38:29.693Z"",""monthOfPayment"":""OCT""},{""id"":""9f3098b7-f6f2-47ad-8a3f-2c91416f16fc"",""amount"":571.2,""date"":""2026-02-22T17:38:29.693Z"",""monthOfPayment"":""NOV""},{""id"":""f84e76ad-181e-4952-929c-7ef77c49fa1c"",""amount"":571.2,""date"":""2026-02-22T17:38:29.693Z"",""monthOfPayment"":""DEC""}]","2026-02-22T17:38:29.693Z","2026","false","2026-02-22T17:38:29.693Z","2026-02-22T17:38:29.693Z"
"716ea61d-13b5-4952-891e-285d7b9f4594","a7c9b359-4bf1-4825-861e-c363f4fc965a","8f145d11-32b5-46dc-9640-3b18b07b83d8","[{""productId"":""a803bf5b-2a24-4c9c-84de-39576d09c91a"",""productName"":""AcetaStar -Adama (1Lt) - PCs"",""quantity"":1,""dynamicPrice"":0,""total"":0},{""productId"":""9e329163-d239-4859-b714-110d537f3f52"",""productName"":""PLANTFEED - BOX(4)"",""quantity"":1,""dynamicPrice"":0,""total"":0},{""productId"":""f0bd429e-2608-4a98-b4d3-6c8e1b22ceb9"",""productName"":""OVERALL - PC"",""quantity"":9248,""dynamicPrice"":0,""total"":0}]","9248","Pending","[{""id"":""000293cd-9b57-4aa0-aa66-b1cb1325fc50"",""amount"":2774.4,""date"":""2026-02-22T17:38:29.693Z"",""monthOfPayment"":""OCT""},{""id"":""cd4ab599-75c4-4cc5-ba31-c6c9d9023c60"",""amount"":2774.4,""date"":""2026-02-22T17:38:29.693Z"",""monthOfPayment"":""NOV""},{""id"":""3fb51ee1-2506-4e58-984c-c0284ec05261"",""amount"":2774.4,""date"":""2026-02-22T17:38:29.693Z"",""monthOfPayment"":""DEC""}]","2026-02-22T17:38:29.693Z","2026","false","2026-02-22T17:38:29.693Z","2026-02-22T17:38:29.693Z"
"e823f339-1f87-4d19-bd44-90d84d9d10ff","1ce11dbe-d94b-47ad-a117-37d77be3a23d","8f145d11-32b5-46dc-9640-3b18b07b83d8","[{""productId"":""9e329163-d239-4859-b714-110d537f3f52"",""productName"":""PLANTFEED - BOX(4)"",""quantity"":1,""dynamicPrice"":0,""total"":0},{""productId"":""f0bd429e-2608-4a98-b4d3-6c8e1b22ceb9"",""productName"":""OVERALL - PC"",""quantity"":6800,""dynamicPrice"":0,""total"":0}]","6800","Pending","[{""id"":""61566d8f-dc52-4b77-867e-281e6dfff561"",""amount"":2040,""date"":""2026-02-22T17:38:29.693Z"",""monthOfPayment"":""OCT""},{""id"":""a7e24075-ee6b-44a1-b29e-d44fe49a6286"",""amount"":2040,""date"":""2026-02-22T17:38:29.693Z"",""monthOfPayment"":""NOV""},{""id"":""222723b7-9383-46cd-bff9-b81e434ac381"",""amount"":2040,""date"":""2026-02-22T17:38:29.693Z"",""monthOfPayment"":""DEC""}]","2026-02-22T17:38:29.693Z","2026","false","2026-02-22T17:38:29.693Z","2026-02-22T17:38:29.693Z"
"83986984-7d36-4e11-bcc0-59aa92c29608","2496f407-45e3-4674-9d83-d1752cfbe051","8f145d11-32b5-46dc-9640-3b18b07b83d8","[{""productId"":""38f3e540-da4d-4736-a2d1-dbe4b5d12197"",""productName"":""All Wedicides (Glyphosate) - PCS"",""quantity"":1,""dynamicPrice"":0,""total"":0},{""productId"":""f0bd429e-2608-4a98-b4d3-6c8e1b22ceb9"",""productName"":""OVERALL - PC"",""quantity"":900,""dynamicPrice"":0,""total"":0}]","900","Pending","[{""id"":""1935567d-46cf-4de2-a098-9b242fa3c0cc"",""amount"":270,""date"":""2026-02-22T17:38:29.693Z"",""monthOfPayment"":""OCT""},{""id"":""b7a7b64b-4fe2-4515-bce2-fbc785ae5d2e"",""amount"":270,""date"":""2026-02-22T17:38:29.693Z"",""monthOfPayment"":""NOV""},{""id"":""becca32a-814a-4e7e-8b7a-0b2e3327497e"",""amount"":270,""date"":""2026-02-22T17:38:29.693Z"",""monthOfPayment"":""DEC""}]","2026-02-22T17:38:29.693Z","2026","false","2026-02-22T17:38:29.693Z","2026-02-22T17:38:29.693Z"
"9ef4590d-847d-4969-b15d-f4c7092425e8","29ad2e03-8ad4-4918-80e9-6d07da1d5e33","8f145d11-32b5-46dc-9640-3b18b07b83d8","[{""productId"":""a803bf5b-2a24-4c9c-84de-39576d09c91a"",""productName"":""AcetaStar -Adama (1Lt) - PCs"",""quantity"":1,""dynamicPrice"":0,""total"":0},{""productId"":""9e329163-d239-4859-b714-110d537f3f52"",""productName"":""PLANTFEED - BOX(4)"",""quantity"":1,""dynamicPrice"":0,""total"":0}]","0","Pending","[]","2026-02-22T17:38:29.693Z","2026","false","2026-02-22T17:38:29.693Z","2026-02-22T17:38:29.693Z"
"25777901-98cd-4807-b9c9-35c23a22dec5","62d22fcd-2d2a-40c2-866f-0c79d8243479","8f145d11-32b5-46dc-9640-3b18b07b83d8","[{""productId"":""a803bf5b-2a24-4c9c-84de-39576d09c91a"",""productName"":""AcetaStar -Adama (1Lt) - PCs"",""quantity"":2,""dynamicPrice"":0,""total"":0},{""productId"":""9e329163-d239-4859-b714-110d537f3f52"",""productName"":""PLANTFEED - BOX(4)"",""quantity"":1,""dynamicPrice"":0,""total"":0},{""productId"":""38f3e540-da4d-4736-a2d1-dbe4b5d12197"",""productName"":""All Wedicides (Glyphosate) - PCS"",""quantity"":1,""dynamicPrice"":0,""total"":0},{""productId"":""f0bd429e-2608-4a98-b4d3-6c8e1b22ceb9"",""productName"":""OVERALL - PC"",""quantity"":12596,""dynamicPrice"":0,""total"":0}]","12596","Pending","[{""id"":""4a8de35b-d6c1-4643-a1eb-8a7c6296def6"",""amount"":3778.8,""date"":""2026-02-22T17:38:29.693Z"",""monthOfPayment"":""OCT""},{""id"":""441b55b1-edff-4d2a-ad1b-e212966bd92c"",""amount"":3778.8,""date"":""2026-02-22T17:38:29.693Z"",""monthOfPayment"":""NOV""},{""id"":""5d415fde-b925-4568-b028-e64b717f5c86"",""amount"":3778.8,""date"":""2026-02-22T17:38:29.693Z"",""monthOfPayment"":""DEC""}]","2026-02-22T17:38:29.693Z","2026","false","2026-02-22T17:38:29.693Z","2026-02-22T17:38:29.693Z"
"1999cc57-c6cd-4bb2-8dfe-fa5b5b292cfe","67619d12-d739-4c1a-9bf2-32d4f87e6753","8f145d11-32b5-46dc-9640-3b18b07b83d8","[{""productId"":""a1405336-2f2e-4bcc-8417-d7e01175e79a"",""productName"":""Agyenkwa Liquid Fertilizer  (5Lt) - PCs"",""quantity"":1,""dynamicPrice"":0,""total"":0},{""productId"":""9e329163-d239-4859-b714-110d537f3f52"",""productName"":""PLANTFEED - BOX(4)"",""quantity"":1,""dynamicPrice"":0,""total"":0},{""productId"":""f0bd429e-2608-4a98-b4d3-6c8e1b22ceb9"",""productName"":""OVERALL - PC"",""quantity"":7888,""dynamicPrice"":0,""total"":0}]","7888","Pending","[{""id"":""9a42dbce-cb9a-4aee-ae21-158f40be4cb1"",""amount"":2366.4,""date"":""2026-02-22T17:38:29.693Z"",""monthOfPayment"":""OCT""},{""id"":""32318b53-c5a7-4002-81b8-7cb17a3dc245"",""amount"":2366.4,""date"":""2026-02-22T17:38:29.693Z"",""monthOfPayment"":""NOV""},{""id"":""e81b882b-40e2-4c2d-af75-e2fb7929663b"",""amount"":2366.4,""date"":""2026-02-22T17:38:29.693Z"",""monthOfPayment"":""DEC""}]","2026-02-22T17:38:29.693Z","2026","false","2026-02-22T17:38:29.693Z","2026-02-22T17:38:29.693Z"
"9a81a786-425a-49e2-abe4-6487fd4329b5","514b7394-61e3-439a-924a-72e6d3d60c54","8f145d11-32b5-46dc-9640-3b18b07b83d8","[{""productId"":""a803bf5b-2a24-4c9c-84de-39576d09c91a"",""productName"":""AcetaStar -Adama (1Lt) - PCs"",""quantity"":1,""dynamicPrice"":0,""total"":0},{""productId"":""f0bd429e-2608-4a98-b4d3-6c8e1b22ceb9"",""productName"":""OVERALL - PC"",""quantity"":2448,""dynamicPrice"":0,""total"":0}]","2448","Pending","[{""id"":""da511663-ecc2-4681-bd72-57741814c75e"",""amount"":734.4,""date"":""2026-02-22T17:38:29.693Z"",""monthOfPayment"":""OCT""},{""id"":""787518a1-1308-4648-9326-fc627cd5826f"",""amount"":734.4,""date"":""2026-02-22T17:38:29.693Z"",""monthOfPayment"":""NOV""},{""id"":""7d02d87b-3082-42d1-8c9f-aa74ee109ee5"",""amount"":734.4,""date"":""2026-02-22T17:38:29.693Z"",""monthOfPayment"":""DEC""}]","2026-02-22T17:38:29.693Z","2026","false","2026-02-22T17:38:29.693Z","2026-02-22T17:38:29.693Z"
"ffd74e7f-66d0-47db-9d40-4b43f3b176ab","1e9744d4-870b-45a4-a08b-c9e4e90bd888","8f145d11-32b5-46dc-9640-3b18b07b83d8","[{""productId"":""a803bf5b-2a24-4c9c-84de-39576d09c91a"",""productName"":""AcetaStar -Adama (1Lt) - PCs"",""quantity"":16,""dynamicPrice"":0,""total"":0},{""productId"":""e5a59040-f530-4a7f-b5a2-89afa657c929"",""productName"":""Galil - PCs"",""quantity"":2,""dynamicPrice"":0,""total"":0},{""productId"":""f534e814-4c46-4b67-a6b1-1b538358871c"",""productName"":""Galil - Box"",""quantity"":1,""dynamicPrice"":0,""total"":0},{""productId"":""e06738f9-78ac-43ff-bae1-7907fca1f19e"",""productName"":""AKATE BRAFO - Box"",""quantity"":6,""dynamicPrice"":0,""total"":0},{""productId"":""0e80e4eb-78f8-4920-b3b8-566f6fcef3a3"",""productName"":""BEGREEN - BOX(6)"",""quantity"":2,""dynamicPrice"":0,""total"":0},{""productId"":""a1405336-2f2e-4bcc-8417-d7e01175e79a"",""productName"":""Agyenkwa Liquid Fertilizer  (5Lt) - PCs"",""quantity"":2,""dynamicPrice"":0,""total"":0},{""productId"":""385f16c1-3c11-44d6-8ce1-666165b9d3f9"",""productName"":""Agyenkwa Liquid Fertilizer  (5Lt) - Box(4)"",""quantity"":3,""dynamicPrice"":0,""total"":0},{""productId"":""9e329163-d239-4859-b714-110d537f3f52"",""productName"":""PLANTFEED - BOX(4)"",""quantity"":20,""dynamicPrice"":0,""total"":0},{""productId"":""b540b018-17fd-448c-8138-fd2ac19adb7f"",""productName"":""Solo Machine - PCs"",""quantity"":8,""dynamicPrice"":0,""total"":0},{""productId"":""38f3e540-da4d-4736-a2d1-dbe4b5d12197"",""productName"":""All Wedicides (Glyphosate) - PCS"",""quantity"":4,""dynamicPrice"":0,""total"":0},{""productId"":""8ba123ee-8e9c-4656-8b61-117a6cf879b5"",""productName"":""ALL GRAMO - PCS"",""quantity"":4,""dynamicPrice"":0,""total"":0},{""productId"":""f138abdd-0c9c-4336-997f-498747229ea8"",""productName"":""ALL GRAMO - BOX(12)"",""quantity"":1,""dynamicPrice"":0,""total"":0},{""productId"":""9a8d8efa-31a1-4cda-8e82-19b3fb773244"",""productName"":""STANDARD PRUNNER - PC"",""quantity"":1,""dynamicPrice"":0,""total"":0},{""productId"":""f0bd429e-2608-4a98-b4d3-6c8e1b22ceb9"",""productName"":""OVERALL - PC"",""quantity"":206228,""dynamicPrice"":0,""total"":0}]","206228","Pending","[{""id"":""99e0a792-9556-4ccc-ab5b-4852a269d8b3"",""amount"":61868.4,""date"":""2026-02-22T17:38:29.693Z"",""monthOfPayment"":""OCT""},{""id"":""a83bb958-e11e-4d85-8b9a-352a0f1c3860"",""amount"":61868.4,""date"":""2026-02-22T17:38:29.693Z"",""monthOfPayment"":""NOV""},{""id"":""9637c236-7009-41b9-b8a4-36847642cfa5"",""amount"":61868.4,""date"":""2026-02-22T17:38:29.693Z"",""monthOfPayment"":""DEC""}]","2026-02-22T17:38:29.693Z","2026","false","2026-02-22T17:38:29.693Z","2026-02-22T17:38:29.693Z"
"bd6d4381-10d3-490f-906b-d0fe59a32a6b","1e9744d4-870b-45a4-a08b-c9e4e90bd888","b4152cea-d04b-42e7-bdca-c593a184d986","[{""productId"":""9e329163-d239-4859-b714-110d537f3f52"",""productName"":""PLANTFEED - BOX(4)"",""quantity"":1,""dynamicPrice"":0,""total"":0},{""productId"":""f0bd429e-2608-4a98-b4d3-6c8e1b22ceb9"",""productName"":""OVERALL - PC"",""quantity"":6800,""dynamicPrice"":0,""total"":0}]","0","Pending","[]","2026-02-22T17:38:29.693Z","2026","false","2026-02-22T17:38:29.693Z","2026-02-22T17:38:29.693Z"
"9040a53d-9949-4447-b0ec-61ef1f068e3a","1e9744d4-870b-45a4-a08b-c9e4e90bd888","b4152cea-d04b-42e7-bdca-c593a184d986","[{""productId"":""f534e814-4c46-4b67-a6b1-1b538358871c"",""productName"":""Galil - Box"",""quantity"":6,""dynamicPrice"":0,""total"":0},{""productId"":""8ba123ee-8e9c-4656-8b61-117a6cf879b5"",""productName"":""ALL GRAMO - PCS"",""quantity"":1,""dynamicPrice"":0,""total"":0},{""productId"":""f0bd429e-2608-4a98-b4d3-6c8e1b22ceb9"",""productName"":""OVERALL - PC"",""quantity"":3264,""dynamicPrice"":0,""total"":0}]","0","Pending","[]","2026-02-22T17:38:29.693Z","2026","false","2026-02-22T17:38:29.693Z","2026-02-22T17:38:29.693Z"
"9b2f0ca4-3dc1-4a16-aa01-072171be86b7","1e9744d4-870b-45a4-a08b-c9e4e90bd888","b4152cea-d04b-42e7-bdca-c593a184d986","[{""productId"":""38f3e540-da4d-4736-a2d1-dbe4b5d12197"",""productName"":""All Wedicides (Glyphosate) - PCS"",""quantity"":2,""dynamicPrice"":0,""total"":0},{""productId"":""f0bd429e-2608-4a98-b4d3-6c8e1b22ceb9"",""productName"":""OVERALL - PC"",""quantity"":1800,""dynamicPrice"":0,""total"":0}]","0","Pending","[]","2026-02-22T17:38:29.693Z","2026","false","2026-02-22T17:38:29.693Z","2026-02-22T17:38:29.693Z"
"3f3604cb-c8b9-4547-93a1-fd54a7d9c28d","1e9744d4-870b-45a4-a08b-c9e4e90bd888","b4152cea-d04b-42e7-bdca-c593a184d986","[{""productId"":""f0bd429e-2608-4a98-b4d3-6c8e1b22ceb9"",""productName"":""OVERALL - PC"",""quantity"":816,""dynamicPrice"":0,""total"":0}]","0","Pending","[]","2026-02-22T17:38:29.693Z","2026","false","2026-02-22T17:38:29.693Z","2026-02-22T17:38:29.693Z"
"8111a146-e6fa-45f1-b642-120042e99632","1e9744d4-870b-45a4-a08b-c9e4e90bd888","b4152cea-d04b-42e7-bdca-c593a184d986","[{""productId"":""a803bf5b-2a24-4c9c-84de-39576d09c91a"",""productName"":""AcetaStar -Adama (1Lt) - PCs"",""quantity"":1,""dynamicPrice"":0,""total"":0},{""productId"":""a82aa234-23b2-4273-8df0-ca1a7dad9a1f"",""productName"":""AKATE BRAFO - PCs"",""quantity"":1,""dynamicPrice"":0,""total"":0},{""productId"":""38f3e540-da4d-4736-a2d1-dbe4b5d12197"",""productName"":""All Wedicides (Glyphosate) - PCS"",""quantity"":1,""dynamicPrice"":0,""total"":0},{""productId"":""f0bd429e-2608-4a98-b4d3-6c8e1b22ceb9"",""productName"":""OVERALL - PC"",""quantity"":3688,""dynamicPrice"":0,""total"":0}]","0","Pending","[]","2026-02-22T17:38:29.693Z","2026","false","2026-02-22T17:38:29.693Z","2026-02-22T17:38:29.693Z"